time_step,load,rpm,voltage,current,temperature,vibration,pressure,power,efficiency,health_index,fault_label
0,0.6091415123926329,1431.430562009214,47.40116944547118,11.993735031685752,40.984757487946105,0.20323365553217868,5.4941379582101275,568.51706652102,0.8847595504954548,86.01517410212307,normal
1,0.5737999559957275,1451.6018116622522,47.78559073894289,12.290282716150568,40.770880568741006,0.1951290471596611,5.460442030184099,587.2984199398745,0.9027758623876109,87.16383772646726,normal
2,0.6325093697283294,1465.292414340153,47.563451767271246,11.311225130164523,41.390382018639684,0.21846544194962586,5.485091722379774,538.0009109073267,0.8841969472241987,87.03107704734491,normal
3,0.6432028829462848,1461.3732836398012,47.30979734945845,12.373330207901738,42.38186981394964,0.21446662395874966,5.4551283129156,585.3797446737638,0.8937836397576312,85.64445948910968,normal
4,0.5614356276697504,1464.4448802740458,47.3326984701922,11.398165367588431,39.76965428092045,0.13636603923113133,5.349720360642643,539.5059244574506,0.893223425340063,88.29516179152117,normal
5,0.585869561471176,1466.8575678518455,47.11734520516878,11.803607657384335,39.524637359958895,0.20923395863095048,5.343243091782613,556.1546566593513,0.8975200193958631,87.41962776331638,normal
6,0.6337228385897384,1467.1414321178863,47.56320293852402,11.233121287364542,43.03863309052368,0.18237969844672208,5.544796761097037,534.2832274239739,0.8886627014707217,87.12365187484504,normal
7,0.6253343497484117,1469.9432854179365,47.408166534139056,12.274592034171448,40.83069329122495,0.17363554262546108,5.496583107162516,581.9159032946167,0.8712235786143346,87.63382470738895,normal
8,0.6392298314338836,1520.8340939183643,46.892231139409155,12.12066819185301,41.11810556739283,0.19970419770673897,5.3893276530854,568.3651744164558,0.8971256097923703,88.18837410233917,normal
9,0.6190299545991417,1497.213177692863,47.367094190521996,11.71182059823869,41.16495907805357,0.2103690078729686,5.433505007592179,554.7549094192677,0.8870457347635623,85.4503015313071,normal
10,,1505.9625684053663,47.22988116602401,12.29347625261659,42.3026768831618,0.17417342553138113,5.445758590901096,580.6194225284197,0.8928509816832625,83.63331254232071,normal
11,0.677643145454091,1489.565122149809,47.84721772571609,11.811696985249666,41.979972823449074,0.2215139891517902,5.380423620590762,565.1568373634252,0.8916441607069934,86.3083734378479,normal
12,0.6610849622591043,,47.0404332070776,11.778718254026385,41.98566560594036,0.22165649303060972,5.47296824759765,554.0760092935138,0.877711536034396,86.45158624803224,normal
13,0.6976789933804411,1493.1079873502579,47.076097921041864,12.04013189847456,42.634835782110734,0.21054867242061207,5.45079893477096,566.802428234848,0.874341740983145,87.5006700736549,normal
14,0.6826048417586515,1469.3583313860258,47.72557033887075,11.46468889445656,42.54350658324735,0.1913426536852754,5.396949897128402,547.1588162456569,0.8906718493769329,87.21946843488573,normal
15,0.6474757319307123,1495.2888991002292,47.81495499114419,12.205235502587145,39.89367746110759,0.18658914734473286,5.329898237878373,583.5927862125195,0.8827171593061899,89.01952737930053,normal
16,0.688946191984205,,47.255925084875514,12.570751597436267,44.039177038436236,0.2303048967893401,5.351820272887919,594.0424957490275,0.8929153151387408,85.4085328047443,normal
17,0.653697678323815,1489.4125919470368,47.31193116060453,11.69798334062813,41.79051237968493,0.17703382925992373,5.422202891783743,553.4541825296967,0.8834063343449204,85.89354466752941,normal
18,0.7133466158614642,1504.128046753188,47.575875301236486,12.424469516387504,43.45486228531749,0.23361151713417477,5.48653002929889,591.1050123956659,0.8923148904176066,82.49173663045532,normal
19,0.6899699121062035,1547.3473156354942,46.85832585168755,12.070650114690466,41.47544273250763,0.20743989835969903,5.40661625814843,565.6104563158756,0.887357568419433,85.80536393776009,normal
20,0.6903392368144827,1530.1890494472186,,12.28195215832418,42.21611172505412,0.20914864745105044,5.528624393127004,576.9335249044977,0.8858607030255249,84.24940241769349,normal
21,0.6798147146026413,1554.3304536631092,47.37720758035708,11.885508146436356,,0.17635353148363123,5.463620738680714,563.1021866517403,0.8796419629580281,85.73123848848492,normal
22,0.7412136859463527,1539.3563092456811,47.78532738084859,12.165606246827261,44.701111597173295,0.21278478062176034,5.557660955469055,581.3374772911374,0.8825112982653158,84.32695622047602,normal
23,0.7041310736746644,1550.8800908961182,47.3181712929135,12.621786630471558,42.397534962777,0.22531612448776198,5.470585827473179,597.2398618032587,0.8938445756342676,85.51441807118388,normal
24,0.7000786600141139,1528.783240465422,47.45516292963893,12.208142276141821,43.40804667547752,0.18628392924258824,5.419078978966456,579.3393807825232,0.8814514103275902,84.6407346792584,normal
25,0.7064554480734456,1552.319346643962,47.70785760522019,12.977746884625546,42.40436879242449,0.22378690131434875,5.4953079357728605,619.1405004083055,0.8868613656945508,86.16114962551313,normal
26,0.7370065567138083,1555.4586962432113,47.92627356930796,12.470774933882401,43.120870241936075,0.21833042765905877,5.406216733825773,597.6777711025163,0.8803605623346465,80.47339823199677,normal
27,0.7359427852764623,1538.3098046205714,47.25577427067274,12.125307545993149,43.27571765919609,0.20388187851878192,5.549307525089243,572.990796355937,0.8810710863179264,84.88306323949656,normal
28,0.7412255157954178,1557.1071173567898,47.391134009432804,12.911811592517578,44.60266332573092,0.23456498089170807,5.434544806937744,611.9053934855485,0.8966699126803628,85.72906803405104,normal
29,0.7455517186229064,1558.865051941402,47.846979019261404,12.730370602716485,42.14991703150782,0.17406438993344736,5.5856700762179265,609.1097751355978,0.8911116910264563,87.9210437514458,normal
30,0.8005771800307806,1539.5552265966535,46.96647801182305,13.09539985854182,43.60806690342375,0.22973708712546007,,615.044809512235,0.8770120515440796,85.30189546473444,normal
31,0.7277507645777822,1538.4324922836572,47.66176721644329,12.821997143669297,41.80021842050711,0.2496579720007493,5.5840862648828855,611.1190431114668,0.8818787707905881,87.08507446440959,normal
32,0.7281039363077585,1538.9516633516123,47.14959351415205,12.180178276134804,42.50275823195902,0.24638829528463224,5.409187337359225,574.2904546496612,0.8725727620356746,84.59735840197352,normal
33,0.7224963746018793,1559.7436851748635,47.43385952420438,12.33172399313615,42.63088405967831,0.22522887190185656,5.4405167118510835,584.9412635816808,0.878017025440284,84.44989491847868,normal
34,0.7687354637053234,1560.7500632276517,47.31017838511729,12.594940787416384,42.829222984791315,0.21539015902168218,5.5572468346869,595.8688954026587,0.8804036600697029,85.22974155244346,normal
35,0.7873778692288321,1543.37585060344,47.11599930819475,12.316292416193145,43.87739337376469,0.21049102578016463,5.6331278789368255,580.2944249608805,0.884758593560188,84.12637762001161,normal
36,0.7532469581958504,1559.1140252472258,47.13661444110339,12.472262727895782,42.24692387128566,0.2147099980753033,5.648591575062006,587.9002394129678,0.8853261079317104,83.38383092221102,normal
37,0.734519458330887,1569.302200220123,47.46605849979489,12.92113813405372,42.71554976301856,0.23043836884751465,5.505129294243022,613.3154985549245,0.8675525791432597,83.48890103184792,normal
38,0.7379486644871376,1570.0821848380783,47.64267936166864,12.558299939597628,44.56034305634301,0.2039835941974057,5.6509064845780825,598.3110573499124,0.8881184324477339,82.22254125564132,normal
39,0.7850581612681925,1580.4665553279779,47.323255867227516,12.28801816174581,44.77918841826836,0.23933761633502346,5.51335670653306,581.5090275694357,0.8749802892545747,84.30565947888114,normal
40,0.7905918220976825,1575.8561990801368,47.36837426486588,12.249048839921217,44.714238278281954,0.267586953125379,5.62797123154599,580.2175298380095,0.8655963251965558,83.29448091051331,normal
41,0.7872374659439745,1541.7143969914346,47.49590596249982,13.357389160179036,43.71000316832354,0.2237096394954054,5.462013681349826,634.4212994563779,0.8888726996817911,83.360062066159,normal
42,0.7535193539001425,,47.13676522813041,12.5420482563003,42.68477231289172,0.1956538690937181,5.547067911882163,,0.8917024436234984,83.55329003338953,normal
43,0.7828828697787593,1548.0714947699275,47.5406852216055,12.524498475701176,43.53919898908482,0.19828786142828272,5.346337277836834,595.4232395917875,0.8781138434320501,84.85430925391671,normal
44,0.781742046286509,1570.9922465404097,47.56109351338252,12.649601031564735,44.40376144870457,0.2409147114343999,5.442813252385738,601.6288575692304,0.8824962465487637,84.63782247510377,normal
45,0.7870141767216895,1554.9203809584146,48.00252959527856,12.261324260414149,45.23610936540561,0.22490215718071144,5.573231557126289,588.5745806878372,0.8826940918418519,81.62058427595633,normal
46,0.8086956513905499,1544.8000667501954,47.23983477903749,13.407805167302891,45.66206870294166,0.24566012657964764,5.445745726029203,633.3825008529136,0.8877681432955424,81.06178571710464,normal
47,0.7912458341974471,1523.8940236801718,47.23288321583635,12.668705476195543,45.138908233313856,0.21634674822466882,5.5723483196904215,598.3794862529705,0.8818384936278477,84.787341830434,normal
48,0.8067752240856021,1545.6419712621457,47.526804608057816,,44.33224215362927,0.2451661652746423,5.621245962071199,635.8749929198967,0.8603793518511924,81.27513053428143,normal
49,0.7901885399194412,1524.4195507714408,47.55219151554686,12.820510423810072,44.65170747938556,0.22435268604649572,5.496679406729649,609.6433670000814,0.8944585420700528,84.2005378863526,normal
50,0.7984705058318168,1559.747539290178,47.206601098066265,13.353711352862165,44.53240925942497,0.21382305560693876,5.464732550489053,630.3833250132831,0.8844778309259785,85.89550695076078,normal
51,0.8102527097833534,1564.9631111888261,47.22973943983823,13.015162502672958,44.84895142735627,0.2216876533784304,5.512227789097899,614.7027337683966,,85.71192493267439,normal
52,0.7489969624877686,1532.9025357024302,47.51440040228322,12.85766741877399,45.545342387969036,0.20115798598730403,5.4296850983818485,610.9243579750188,0.8657484799677172,84.31601067198426,normal
53,0.7843986361678184,1544.1305280307085,47.143483279422526,,43.15161029060883,0.2680103080867424,5.523300559508559,614.0146236661093,0.8791976770577851,84.42652611893811,normal
54,0.781033491936548,1526.4024631083985,47.25002094380898,12.971909121721572,44.32123671488069,0.2263181790303763,5.536875681836205,612.9229776825309,0.8714100953280873,86.69463113392526,normal
55,0.7770122759573308,1525.4313154297126,47.37785259125973,12.852658062207475,45.41433568931915,0.24110630972179,5.5010791594691755,608.9313390771317,0.8775686057971689,79.33975073393331,normal
56,0.7888356784608915,1542.6284772912397,47.59456333444185,12.721574702109882,43.49338489616913,0.21871642741595243,5.667451478941572,605.477792873402,2.2884957589404795,82.871054018051,normal
57,0.8427263451270909,1523.0695034438922,,13.79806963733348,45.1294724355442,0.21301841689200535,5.513340289475224,650.5913942351698,0.8650683214116341,84.36586213567215,normal
58,0.7725676647367204,1552.1570807336577,46.897162930350994,12.390538510692638,43.96672361424605,0.22405857860695091,5.632762561774561,581.0811033307411,0.8629544901307327,82.81850621047045,normal
59,0.8281313586016816,1511.0452960237428,46.83374170970866,,45.21980940779592,0.25549704492702796,5.476709742891854,610.9043538089479,0.8750704657895031,84.5274797240246,normal
60,0.7490129041723367,1536.1245943194683,47.060915559276665,12.574350033483451,42.70588356159557,0.21702099200206812,,591.7604251385525,0.8697092210259362,83.64157635541483,normal
61,0.7897437553987585,1515.7339005625906,47.0144752012436,12.955630390725004,45.20037374319621,0.21357536639849667,5.627118769553051,609.1021637212186,0.8743424106211642,83.14825019424113,normal
62,0.8048393447910216,1521.274433499567,47.29162095544632,12.756285279880718,45.537235613566665,0.23559484781678638,,603.2654082556584,0.8585683046710598,82.23221700241463,normal
63,0.817584902856539,1497.7655208544177,47.022440146071,13.0944863038287,45.64866637631947,0.2437775695139372,5.517671285588062,615.7346984653316,0.8687173596391157,81.73238056567463,normal
64,0.8212515180020867,1499.4791483678146,47.14062113822018,12.94848092546004,44.62000653306174,,5.597930514268886,610.3994336225824,0.87808027078344,81.78719501565453,normal
65,0.8235066851639641,1494.2471466159745,47.12056725902198,12.468674494684524,45.43444739760788,0.24192968950150115,5.588464269026845,587.5310151576341,,82.94356319786738,normal
66,0.7889112535233306,1482.0449567940846,47.23122109618952,12.81937962866933,44.03130908736101,0.2452588088983627,5.487024394555059,605.474953557669,0.864413976881156,81.74008384928332,normal
67,0.7850445878549789,1500.5726133353526,47.6746504626385,12.408889510444215,44.42352425193838,0.24674703673761375,5.576455246503692,591.5894700399293,0.860683141926581,84.17297725867363,normal
68,0.8240722385282083,1492.933656362061,47.47787214239828,12.422469306722476,47.12321391798006,,5.7031643694245115,589.7924094374367,0.8704469357300734,83.15616445122076,normal
69,0.791887701154333,1490.2401890622436,47.34174821458027,12.885553804113071,44.90601448916025,0.21422615950363966,5.569038261360833,610.024643799748,0.8773837494178988,84.44933255660919,normal
70,0.7585265996746497,1502.5709348535013,47.24873115762133,12.80949174523598,43.28727738322885,0.20943789692748033,5.552924336102913,605.2322317364245,0.8773681236700697,81.60155760105987,normal
71,0.7618459395913547,1496.4374590080563,47.25260707749893,12.844243972301411,44.44965531862005,0.20503036472403427,5.563378150632223,606.9240136306927,0.8679037025751511,80.40308519938615,normal
72,0.7671859575955907,1464.035275003949,47.43816283056081,12.891700555582563,43.328410912884166,0.24830158870055158,5.396132025047935,611.5585901185569,0.8756114402898739,82.90703392353308,normal
73,0.808487594047594,1467.290810719719,47.46881015807081,12.265845512043924,44.2024090794285,0.24178943387751634,5.578405661666466,582.2450920394378,0.8854665645016231,87.02222027344723,normal
74,0.7965278126771769,1448.5953167942605,,,44.12178310358362,0.23691348072137428,5.451541463520803,583.8849339526485,0.8729673414769294,84.60733694575866,normal
75,0.8115317169439717,1452.3621933533846,47.328618751962225,13.653750994707082,44.87764461095804,0.18496145141778098,5.495860395896032,,,82.03602110557941,normal
76,0.7764424381473869,1441.0585215694182,46.8392480797517,12.38721079555127,45.35940063441707,0.27541008651940935,5.691110587146541,580.2076394690043,0.8737019582042459,82.60715188964201,normal
77,0.7923407881350469,1468.3002376778265,47.38694572379149,13.06416936493748,45.367054579706696,0.2179788871879161,5.5086895495273325,619.071084622712,0.891189502782438,83.48972646773183,normal
78,0.804559654819794,,47.51436248071224,12.684511079100522,45.551012167786176,0.27817000164948363,5.477956145293037,602.6964573029925,0.8571399773513739,79.77985656085689,normal
79,0.7746027784906083,1432.5525839672184,,12.774334489987547,43.722592762360186,0.20604427673628073,5.608073255175471,603.9367657383333,0.8716838716637347,84.98321835394778,normal
80,0.7955627424918588,1447.2543619671874,47.784320420762974,12.651820886991093,44.55430056607625,0.22074979022321378,5.4543908520940585,604.558663170084,0.8679501682615162,82.28129591866042,normal
81,0.7598643615574863,1394.8617886790569,47.13802075043795,12.857060018832936,44.57072236268225,0.1903768651943396,5.4690890027894286,606.0563619573732,0.872832166977762,82.6052767107355,normal
82,0.7665808583297229,1391.9060883380955,47.40690025452651,12.749941578945771,43.97970271433488,0.2425055820301025,5.609174644161276,604.4352086841225,0.8733549298243927,82.50806013412243,normal
83,0.7636597563248138,1429.5493083414083,47.345503831459645,12.528893647615435,44.215425997886,0.21329616785956862,5.5102934932007965,593.186782197127,0.882833079000185,84.3229606897387,normal
84,0.7367666839621035,1415.9646823583068,47.35048304497697,12.158127434861854,44.315471085191696,0.21200176532974682,5.362785562369355,575.6932069630955,0.8735007413681548,81.42452794502783,normal
85,0.7846731323872579,1410.317911669711,47.30823474691803,12.908098378958853,44.55402234142912,0.21013590986717576,5.564433397680109,610.6593482480976,0.8829050774014648,79.91101664948886,normal
86,0.7532976879536177,1384.5604459240644,47.38827488779002,,44.457470441435895,0.2509151698356672,5.466900535524246,578.2755267137788,0.8703995932096169,82.62944509377192,normal
87,0.7649657750171358,1398.6160097493855,47.563736832324274,12.848253715428926,45.7691713856829,0.2508226985022798,5.629639974612062,611.110958475594,0.8673662734510149,78.6575635200614,normal
88,0.7761216805310953,1423.629991688195,47.68683946693739,13.686091544468754,44.56664816449855,0.27401848565855874,5.4654324223958985,652.6464504108907,0.8634929118311326,81.41739493322912,normal
89,0.7721024885664906,1401.8381109542886,47.34464118613587,13.21651723499536,45.58360027967028,0.22403404998329263,5.594878410386694,625.7312662212358,0.8520897267150027,83.71496061907753,normal
90,0.7755761926467678,1387.3970495700185,47.545836787862115,13.01747274448372,45.15849304275543,0.24269437607704772,5.654934156591286,618.9266344996665,0.8727196216679042,82.75234860938308,normal
91,0.7494709068501577,1376.093249264172,47.187033247711305,12.580707757617148,43.075648533350794,0.21073477176928135,5.42619554469669,593.6462752384199,0.8916819704696501,84.29858104749763,normal
92,0.7364420930740194,,47.56396988430199,11.855185052253933,43.14155414032854,0.22907030008546037,,563.8796647982332,0.8762506587930526,83.46992709559748,normal
93,0.7433718588612841,1342.9893573047827,47.17602231335539,12.113777870399137,43.489463125023846,0.22624046546246185,5.520424468255389,571.4798551129804,0.8780641850189029,86.04397677005,normal
94,0.691674637539428,1378.9620515832141,47.68012594121318,12.71662332320446,42.55026219770977,,5.384225119851414,606.3302015973575,0.8695261550396898,81.67210858001238,normal
95,0.6953236322179617,1383.6334091366648,,12.014376206131487,43.23592052215379,0.2536977695748583,5.476657060724563,576.1708562255012,0.8709055803896264,82.82369491536173,normal
96,0.6954116477395982,1343.5729292268038,47.373116348681194,12.047831735483008,43.8097921204638,0.25347761842979283,5.436767841509816,1418.8442024702838,0.8830658241560692,81.36972543020404,normal
97,0.7014464325016477,1353.1897201340385,46.85025660598407,12.272052054458761,44.43917002464865,0.21757473187471205,5.439046796773476,574.948787833387,0.8928795021839877,234.54035619047383,normal
98,0.7395461672286039,1339.2167824905137,47.23047744341468,12.188162981249057,44.37571887091979,0.25774022411461817,5.488903476883677,575.6527567625454,0.8856419541491652,81.67228296734439,normal
99,0.6964979554275681,1342.1928923429473,47.70948601556054,11.87347188648151,43.00610762624815,0.23373721626085683,5.460222223109803,566.4772409242408,0.8808422274249844,84.91662904432405,normal
100,0.7083495521996096,1353.3179607894083,47.52988813714842,12.357535641268779,41.918527301653214,0.22936701875177326,5.475594013787244,587.3522866803297,0.8724236028294626,81.8741824770124,normal
101,0.7546285743650036,1314.4833728587741,47.41640710815006,12.342091433134875,44.48215463943771,0.22568295863150417,5.446639148797609,585.2176319595345,,84.0122894858239,normal
102,0.7008488243464406,1356.352020797652,47.64895258330638,12.073342781771544,43.48660391729535,0.22464400240410387,5.412152082130391,575.2821377306367,0.8646618517268442,83.06909486703256,normal
103,0.7294775217451616,1353.3965234760276,47.49457888203232,12.232305652470478,44.13598760191714,0.2732712009320947,5.466785289808705,580.9682057203889,0.8561587105846196,81.51767028148191,normal
104,0.6750917439639965,1340.0733135500575,47.72098842712945,12.363484962312448,44.7040331207573,0.24051418704049476,5.434288029826226,589.9977228055013,0.8619665868555603,82.44247685488929,normal
105,0.6926209329859889,1302.790605021722,47.631972684032334,12.20584107246441,44.335383805514596,0.23955245370733522,5.414697514901969,581.3882885492648,0.8727310070737347,82.10980759813754,normal
106,0.6659054466106591,1324.9232278512727,47.80349725297661,12.065542999658403,43.498416831973834,0.22896995060148329,5.456686181659063,576.7751516398416,0.8705237541794705,82.55840216163676,normal
107,0.6797981637723086,1355.153604635787,47.50123997286113,12.421581597984707,42.359115585795905,0.2845377872988522,5.294981361068535,590.0405283283474,0.8579295196349133,81.58222021939812,normal
108,0.7106852201704877,1290.5954891286501,47.61272914296104,12.349510051969588,43.28268878923265,0.26448129928381187,5.403012328385774,587.9938771527027,0.8705812458181592,80.6943330183028,normal
109,0.6291097636457699,1331.8322648992228,47.37447587535739,,42.15719096917196,0.21772572061386752,5.381618972092174,559.6646904744235,0.8717238449366884,81.9266120825755,normal
110,0.689364907716842,1312.9585468389018,,12.438461749649695,42.70567383235542,0.23178698326637412,5.377368972732919,587.7455692897213,0.8600417981714088,79.5982753429281,normal
111,0.6788193834100744,1342.1872921821684,47.837347829565175,12.445651267140146,43.54489199759962,0.23242266147344445,5.568478550522555,595.3669486316518,0.8684706685798427,83.09987344092583,normal
112,0.6491731313602771,1321.165162222005,47.48800707600246,11.983679827303627,42.90475520365738,0.23754520166746834,5.4185656692981965,569.0810724355426,0.8703201370278253,80.10607470800042,normal
113,0.6188843377526998,1338.7625329198363,47.65899006909497,11.882886554488802,41.21172388847431,0.2184720486855189,5.409662528950184,,0.8687526310625783,82.26365370932686,normal
114,0.6596594876999249,1337.0997970388466,47.455667797095956,11.826949194833752,43.78211647281466,0.24482682092609698,5.385071491675146,561.255772043162,0.8820218423586765,82.55104490868148,normal
115,0.6368044174007701,1357.3561137678728,47.29597092282395,,42.50346039076971,0.2635557574006544,5.406135474130352,551.6345387805839,0.854743774351397,83.04264676243307,normal
116,0.6548301521834375,1324.8837312664232,47.43050795669493,12.343303472900768,41.371158715986475,0.20997540128733572,5.322461913621052,585.44915358332,0.8528884090725425,79.86071614037512,normal
117,0.6436361927700407,1334.2127073834617,47.79529889134349,12.163918855158068,42.52019036083279,0.2130814218974433,5.397927444945501,,0.8732138505412683,81.98617328196485,normal
118,0.6861378962118329,1302.836611756539,47.5406920285395,12.423804849899453,43.559600757769,0.2296732317336193,5.365969714611916,590.6362801917453,0.8718920751650662,82.33981385371169,normal
119,0.6259839601246675,1347.913469500583,47.02171985472829,12.003076844520036,43.038438916179935,0.22608008667537313,5.3762967355152815,564.4053167777971,0.8778555471821465,81.8841236888809,normal
120,0.5975190768333175,1321.2510880719633,47.41813192297146,11.751410711788683,41.48619628885538,0.27280003463407776,5.173436667344844,557.2299434126157,0.8697218006501888,83.88493417353172,normal
121,0.6286440042415015,1322.2729163220542,47.89219952918665,12.166984334025969,42.9871170022314,0.25564680565704806,5.3094435738165044,582.7036413936598,0.8642509470581026,80.29387001245917,normal
122,0.6248928289656404,1331.3565214766102,47.39576079159019,12.229272229476255,42.41529910629394,0.2544908842019852,5.513838508817246,579.6156612434935,0.8734194782923249,78.60462041497378,normal
123,0.6540843164725573,1306.806853909161,46.97532012993511,12.397313932511954,41.74732888834186,0.23294435221484266,5.483256646296759,582.3677907310539,0.867492179636904,83.23724346420087,normal
124,0.6333694698640954,1336.4219089103494,47.914856887332576,11.920073822998807,41.30271220140323,0.23114012014563487,5.507513969272664,571.1486313154271,0.8883293131138192,81.33475312976186,normal
125,0.6140245102203549,1350.3191203166703,47.62725174696665,12.325974833720998,42.99302452629104,0.20657659315950141,5.499133440879716,587.0523064324054,,79.16279493873958,normal
126,0.6422176372631571,1339.3989433002935,47.416178888997536,12.090898421651477,43.567580543217055,0.2537928660841273,5.461356310826376,573.3042024897244,0.8715941306730492,80.98354926830031,normal
127,0.5576568818287728,1319.5713568161416,47.408059259849246,11.726155360372333,41.35536727058614,,5.311761681916032,555.9142682147304,0.9009830971043741,83.79992111113985,normal
128,0.5691326253319915,1342.4437935981837,47.76190406733664,11.673659958321272,42.508508929833965,0.2586150277121183,,,0.8735824220123822,79.54720113343448,normal
129,0.5555405873162403,1358.5091478434304,47.366276851066274,11.581080358589464,41.92091503140934,0.22788303303510665,5.437582116337995,548.5526584993944,0.8816460905789228,85.33901712552417,normal
130,0.5666666789993052,1320.4822755041484,47.77951891972688,11.305122407016226,41.83114006962465,0.23044604163780472,5.35846263868837,540.1533099358601,0.8818662074230976,80.55543823001835,normal
131,0.5320970198902968,1337.6292702233018,47.655242348137676,11.601941484905922,,0.23420887232924215,5.5282866533288395,552.893333172104,0.8843205082283221,82.45044299147568,normal
132,0.5875053895757825,1364.9651938723903,47.53612029815158,12.686022990351267,43.06115744438262,0.2533704927679476,5.338009237374481,603.0443149744544,0.8770058417074336,79.3727791885959,normal
133,0.5568571542975504,1360.9811495638057,47.535430092157746,11.376353306823118,41.56172763788483,0.203968279918535,5.5032613678002305,540.779847320178,0.877456684507793,82.07974899066224,normal
134,0.5144954168302402,1369.3166639160775,47.48878175744067,11.279460351129966,40.06984448158697,0.24499668596280472,5.30289952859223,535.647830956516,0.8785146020818799,81.90685844102165,normal
135,0.5232738650833694,1393.2987744009617,47.78649402389054,11.152362090263912,40.010251849157996,0.2308598378297684,5.428138062062991,532.9322843786598,0.87118729349497,79.97502090246228,normal
136,0.5582971950181396,1372.7526665320045,47.28031260768647,11.349117989382844,41.38905510100883,0.21319078003387013,5.481172232872445,536.589846359539,0.8783261497954172,86.14652270370347,normal
137,0.5692180596806122,1377.982274643588,47.08201332809592,12.12725850278134,40.05169665542112,0.19383698943779798,5.270911893560336,570.9757464612156,0.8946862726546023,81.6916233627002,normal
138,0.5991936242090676,1409.7784803798943,47.61670717472534,11.532265758941369,42.49618298865602,0.23548958534052616,5.334597325378657,549.1285217046229,0.8848827508900247,80.59717762058317,normal
139,0.6219629469660154,1367.6227692721968,47.60227425363497,11.739744428544888,41.59177580981321,0.2692867749890679,5.306363748173122,558.8385339551769,0.8745515416312434,82.76417891954344,normal
140,0.5422756374603559,1368.8977110042156,47.62785779317217,10.87317729141865,41.22508766109563,0.26774313382289905,5.2344917991715985,,0.8839299206117952,84.12517200698656,normal
141,0.49549733795716444,1394.8074794818485,47.646735222872806,,39.67763579666187,0.23790661066615523,5.353174285279234,1329.136823943353,0.8688936742650437,83.76718173606064,normal
142,0.4566089781208687,1401.9839209596878,47.49536170957447,10.319361946224902,39.19174690288495,0.267220040867632,5.256523204389123,490.12182824797003,0.8767996255486232,80.15782448354182,normal
143,0.5240382363331754,1386.1103382471556,47.7180070595069,11.544260145292036,40.01982090624382,0.23280735651357415,5.323309649270085,550.8690871098296,0.8853866783683011,82.27814646365476,normal
144,0.48710767848171965,1385.5884044541115,47.53887428382457,12.082690223637629,39.83995550175467,0.2500697145023857,5.337434472373931,,0.8925012755000706,79.02189399077776,normal
145,0.49457952458828763,1439.3290428346374,47.42209093424568,11.020540737391745,41.62327619700106,0.2228686833048644,5.149241075810688,522.6170849931502,0.8694222452856619,82.8499313848513,normal
146,0.4842797662970659,1414.7019653920477,47.473719288840115,10.504965531410956,41.042764896153734,0.22106925355894966,5.393229860677804,498.7097847771449,0.8726849075734006,79.20394939079985,normal
147,0.49408221671351454,1402.4071150629134,48.04859306708628,11.463396435542087,40.40308474957691,0.21888715396527325,5.268889151242775,550.8000704980491,0.8987193218320505,80.6320994614104,normal
148,0.5260121787419306,1429.0275530362744,47.08372813807975,11.086803632072067,40.68234577320971,0.19407306424761048,,522.0080481327564,0.8761465740359894,81.917642608935,normal
149,0.49453728342218833,1420.6892121241608,47.667182086742365,11.608400464008353,40.81973430603026,0.258799406688393,5.346125035458752,553.3397386537107,0.894866221777746,82.00173641482733,normal
150,0.48092869114037057,1424.2026232301316,47.13292731340946,10.974518360432674,40.81173529125892,0.21942813524908647,5.3962721072415185,517.2611761819508,0.8792565005840464,81.23100352147493,normal
151,0.4505514749632781,1443.4945240655559,,10.671080781453073,38.705454662588835,0.21409374106751294,5.256622128691018,507.40489009737144,0.8810434867898528,84.5463993212271,normal
152,0.4273879334703255,1422.215915608163,47.486296626805924,10.692200921698785,38.89875481094558,0.2049619096358646,5.078571632602374,507.7330245611962,0.8765598479111025,83.33850679386863,normal
153,0.459122997055661,1449.0641264684862,47.04764135887775,11.211369356584902,38.08271074950257,0.22730486954915674,5.274913771569041,527.4684846305184,0.8873284507699923,83.25761309830933,normal
154,0.4682614960624169,1476.488523018197,,10.922632306068737,40.61159228705699,0.2676848943365552,5.292463449107629,520.5555073631741,0.8908986456540476,79.33552896217677,normal
155,0.5191569321598493,1455.489382022072,47.425027741059345,11.13499953997546,42.289588138332384,0.2786541699545467,5.228959225648909,528.0776620800193,0.8643009717911827,83.10833820865157,normal
156,0.46635500380739175,1451.8677919136094,47.037060199470574,10.923701597331354,39.759540405095564,0.19962901107879152,5.286204385545247,513.8188096347277,0.8736414807344652,80.71671324439905,normal
157,0.48834265319699643,1452.94377232264,47.75374667411428,10.681320282671722,38.39958417805722,0.22780831055141335,5.260581401642447,510.07306292378416,0.8850922847773871,84.68098609013423,normal
158,0.440383507226523,1463.0309851128009,47.940556498515846,10.978926824762532,39.73178034734238,0.21066529331636463,5.148137546955831,526.3358617355993,0.8769188662007806,84.81625932064304,normal
159,0.41640636331393266,1472.086751679271,47.97310074054435,10.071999635173825,38.098148294304494,0.2494929419543992,5.292159042417577,483.1850531569199,0.8743542508353767,82.70222896811369,normal
160,0.41968599807144313,1474.7439267449697,47.687268043148585,10.56284028507212,38.35811378309703,0.23601233878158565,5.195304371732481,503.7129959712022,0.8890944410679826,83.48192800233817,normal
161,0.42366213901922917,1498.5924342797657,47.60544554069328,11.009175505412975,,0.21815908248887073,5.210341733946004,524.0967049708718,0.8897096402754798,77.08960832334347,normal
162,0.5061490410878159,1456.9755219769054,47.85956362543959,11.345630036295631,40.66545197827276,0.2392327927387122,5.263252983447228,542.9969025927893,0.8699292379646594,80.86505765738626,normal
163,0.41462793742077075,1507.91265567629,48.02092023530582,10.898299758347594,38.43228207515453,0.22120318033031147,5.33469919511761,,0.8810002750810678,83.59580661821006,normal
164,0.4614992538992082,,47.84580244732848,10.951400513756843,39.1551085695256,0.26707808988917603,5.265063924570726,523.9785455027816,0.8643231917646794,82.71628534352588,normal
165,0.4064340817457917,1510.5244538673726,47.37066099459638,11.054437672168305,38.79262910459174,0.24161905445466297,5.235785971306087,523.65601945418,0.870081284973061,79.78316006436746,normal
166,0.45875045017113797,1488.3101052125044,47.614111499538794,11.283820480780326,39.314422733631055,0.24855355197163614,5.230494939866466,537.2690865126539,0.8775368237243699,80.93095695037417,normal
167,0.43973889391963755,1531.1282556315562,47.68844655313064,,38.42073773980117,0.18058971941746685,5.289133477278934,524.7401468074228,0.877434712837865,78.3496169184628,normal
168,0.42098570858753964,1535.7723153727345,47.140748808915674,11.060730419539942,38.71285984909278,0.2313839504999182,,521.4111143506649,0.8682644390578204,82.25047296258283,normal
169,0.42206539161138856,1535.7028049226628,47.709212455452615,11.006466782199992,39.27835907087853,0.2747622278245205,5.290894322596117,525.1098620958613,0.870594372323134,78.26012412285716,normal
170,0.40135849749140157,1504.4636007004178,48.17626874815977,,38.499818388228555,0.2582559484394119,5.279186376877208,504.2617751474109,0.8680139083232888,83.11725493626088,normal
171,0.43221002320072377,1541.2781830030845,47.74290659836919,10.336823793673677,38.075162029423154,0.19755160730195542,5.293997893094907,493.5100129051626,0.8815472700529658,83.77946610740317,normal
172,0.40311730823988556,1541.264721563434,47.97413298506961,10.78100990958098,39.48189201939668,0.22618937509475995,5.114381553343895,517.2096031155912,0.858649811011412,80.61351646288907,normal
173,0.37805211000853506,1517.0332618542084,47.67114354164795,10.675874249474404,36.056757888146926,0.20671419649648687,5.1368322081681255,508.9311337792774,0.8693385863407519,83.2611312558473,normal
174,0.3746513572587216,1544.8209943013387,47.60941386614119,10.847254741618467,37.83784164775184,0.26498646672707105,5.187808584948471,516.431440305176,0.8608698765419768,81.12387499185552,normal
175,,1550.9901532560357,47.689177807028706,,38.459548444330586,0.23928605843528922,5.175066130963081,495.4876575251166,0.8814743017146977,81.8022859053355,normal
176,0.4570523229144098,1554.170038719111,47.35700698425952,10.645246552977984,39.81337482301338,0.22258442142751486,5.176058067729332,504.12701535854296,0.8571016997298793,79.41680836791207,normal
177,0.4130023013756285,1555.4347240613056,47.35484285249958,10.860413430235468,39.35960106283002,0.2353913996947943,5.0802783440202335,514.2931713019765,0.8775237240391761,82.07592174705968,normal
178,0.40328623809257574,1561.2071648208007,47.919718625048475,,39.64513460767135,0.1820755551049021,5.115195210598225,508.7873515194657,0.8939623711219031,78.99208066763617,normal
179,0.41418372231651895,,47.93709306991512,10.04902238404409,38.37829386198142,0.21368734827999317,5.209690130675523,481.7209212855819,0.893631492312396,78.80693015529124,normal
180,0.44367402871818534,1578.1367300131037,47.322221646001836,11.018519686003396,39.956649429329566,0.23876658330272163,5.244967669055802,521.4208307918873,0.8572384572342708,80.6656013809048,normal
181,0.4100826747471465,1522.2708311012277,47.83845399503549,10.038586727152508,39.04773418185889,0.25255581776251623,5.163229917188353,480.23046932205915,0.8798360923873759,80.66479864255749,normal
182,0.39030341137434055,1564.783631573365,47.590120696515285,10.238670416541572,37.17416151426628,0.19552559683661597,5.218809140589707,487.2595608950538,0.8678261423223576,82.37923873299326,normal
183,0.43507326725195317,1566.0188597545528,47.66057993515883,11.31246886799941,40.878022908126816,0.23060227148966062,5.208793720073922,539.1588267472816,0.8634208978816342,79.57556209393489,normal
184,0.4141244924271555,1546.2428031612872,47.70702445707634,11.353646437317526,37.83783293871065,0.2570351003530393,5.315748544616356,541.6486882621049,0.8751398931825314,84.04976419539184,normal
185,0.4468358772625839,1573.5108471898732,47.81397129220183,10.486978403667864,39.92159606895793,0.21072113980696913,5.2381369545464755,501.4240843349158,0.8867968308004474,81.17832593358325,normal
186,0.4058861453648812,1596.1236478566977,47.61840599697623,10.552723745687837,39.16921131587936,0.24134979436323928,5.277775062509423,502.50388369609516,0.8824328903146601,81.2382363142681,normal
187,0.36340570634935904,1566.334642259846,47.98383428236985,10.429297075302141,38.32144516767466,0.23497910253337154,5.20825577432721,500.4376625429025,,81.46086884921093,normal
188,0.35897057250980985,1589.6977235457418,47.7117780863775,11.012448856376295,37.63378211053987,0.267884318096157,5.0763947851736395,525.4235160230074,,82.58324903666688,normal
189,0.44954374153773713,1565.1508756039843,47.717595395154085,10.761205356687215,40.329903063253894,0.23653175127396386,5.244375421230953,,0.8514410256843632,81.35570361124105,normal
190,0.4518514138284233,1569.9235671823094,47.35097052714136,10.781897156643671,38.46968534798901,0.23817898687688754,5.154059906604328,510.53329449090364,0.8661081631507687,81.67040077633911,normal
191,0.3950063095335161,1607.823578151368,48.144009996959326,11.151040926933325,38.650444702465656,0.2544544954890276,5.204134983144048,536.8558258627805,0.8681158566492893,81.89772721634122,normal
192,0.38927145859875223,1578.9083160990097,47.72597234165368,10.444652714946793,38.15712095890672,0.21066144891490327,5.148826177825826,498.48120659172866,0.8772996173068845,78.52597960663897,normal
193,0.44511011339172846,1590.2489238115359,47.74167752917585,11.164882487829749,39.07981841633827,0.23752976045324853,5.277747132895364,533.0302193851105,0.8715710937597018,78.06168336430112,normal
194,0.3686793223453527,1561.9078195746397,47.22210933869531,9.93777814815933,38.59724104468961,0.22701037100868288,5.085966578144034,469.2828462960769,0.8758810977588771,80.82760405678499,normal
195,,1617.6962366828009,47.41236944759547,10.43880144771032,39.25267697144768,0.23420792729177528,5.1991795557810585,494.9283108289361,0.8750676451433158,80.36177912992841,normal
196,0.42280928131580475,1595.2033152150902,47.88948871794455,10.201201131428043,38.9706580338647,,5.2763719203401305,488.53030649300644,0.874563174649355,81.39302509296083,normal
197,0.39266518858790295,1585.8086722422668,47.67543883554186,10.233044687675823,39.33555412974223,0.2500027000013529,5.281751843027478,487.8648961086553,0.8811225122918968,80.47871199307404,normal
198,0.4054657301180336,1595.9345287269248,,10.974221277029843,38.98955182126927,0.2252617773764838,5.156637544580326,517.0461958496777,,81.5940211225272,normal
199,0.4019536245661587,1566.0226564038671,47.8550237610751,10.6432123250704,38.18069590515909,0.24298034909438906,5.21639895775854,509.33117871041134,0.8721630541502671,78.92454802510002,normal
200,0.4183423815313403,1602.9935601985883,47.44597755799033,10.64857578708374,38.99185790689955,0.2716582077920073,5.240849156347733,505.23208781853435,0.8780795130125567,80.27486161123207,normal
201,0.45191769374372837,1576.9166227971587,47.9074752415993,10.700903343693737,,0.22819999643597919,5.373056608084115,512.6532620007549,0.8805193957868725,78.42402739865726,normal
202,0.414007813479871,1580.766299920416,47.56259796551179,10.659527847404911,38.57954999370088,0.2449897655236944,5.103909573333197,506.9948375082971,0.8684682912027668,81.14992329552084,normal
203,0.4323233958804388,1573.8183278242534,47.62066407656892,10.953291618463455,39.81768503340977,0.23998037289396446,5.162015070925135,521.6030206955461,0.8723936394296934,77.39165246705018,normal
204,0.3533319005035228,1577.4485548766033,47.927002231834756,10.719224752513778,38.24910900743406,0.23655607641078566,,513.7403086372663,0.8884312028821872,81.20032136557089,normal
205,0.4153230637368477,1590.0818808770512,47.35788039970803,9.829600762753678,37.91305352042421,0.2104542272661366,5.200488036628257,465.5090572993675,0.8625598680638369,78.75479759318029,normal
206,0.39354976359747296,,47.351043566396235,10.32789693289477,37.48077336390915,0.2698326827111562,5.0554813931121245,489.03669761875034,0.892598057552494,80.00847038559388,normal
207,0.3844575507384462,,47.55698741936393,10.621394794034194,38.9864221747724,0.22569492050336373,5.1534587260924285,505.12153859598163,,81.79837007451007,normal
208,0.3969644978481068,1575.3146530693261,47.802482652502555,10.60740174387465,38.2279108007157,0.26299586361790833,4.98697413147711,507.0601378496933,0.8706764442582663,80.69700339504074,normal
209,0.41568291802018614,1579.4051230416985,47.247578389127725,10.896747082913727,,0.23183627559259126,5.24052692896842,514.8449119864651,0.8635671651394049,77.73578861413056,normal
210,0.455690177585362,1559.8139236048892,47.1308662304782,11.09049909810017,40.57862800864855,0.2352462054057778,5.313707523147023,,0.8928228678450554,78.80574276343177,normal
211,0.3910351610757391,1602.1410822453279,47.80511211124063,10.503477189385892,37.78167046263319,0.26713827205716995,5.130399629331745,502.11990459645125,0.8690177441598267,78.11702548035733,normal
212,0.4344654563330522,1538.9678299562609,47.413276050953606,10.687615136917398,38.45928852709797,0.2665198326629416,5.195742300982458,506.7348468130149,0.8667462138666026,77.59942662248538,normal
213,0.42184502551448916,1579.5210160287172,47.47564345634166,10.711616691729551,40.70923620551065,0.2500977340321152,5.298124634276311,508.5408948975501,0.8685530553198723,79.74526062912321,normal
214,0.42946577599870994,1577.4754962391708,47.10298374452083,,39.79646127825,0.262048997012637,5.0892159786552815,529.7473609800752,0.8727104290204553,80.55824476210266,normal
215,0.4724049986921188,1537.5528697600403,47.362673124084665,10.847201360756648,39.96105841859241,0.24478197815179278,5.153231363409604,513.7524523606435,0.8661979177642556,80.43827214412634,normal
216,0.4615905655989203,1581.3120303987314,47.53876066081095,11.01778622814952,39.36297906970609,0.24981243648002457,5.232804131340292,523.7719025119791,0.8685690849081921,80.79129263091875,normal
217,,1557.1661453074191,47.75107000783676,11.268388853878896,40.19971740184921,0.23921520384598477,5.209572883976724,538.0776250370986,0.8331207537106832,79.67405150120601,normal
218,0.4473493675247241,1556.5229004107077,,11.502946303331678,38.91801256473621,0.26750561202434675,5.216907932742148,544.7611767685089,0.870931402711055,79.41082964262304,normal
219,0.434514770725366,1539.6852780818842,47.97540610839026,10.775959049232204,40.35451771408052,0.23482118859598328,5.129999429885177,516.981011594298,0.8710544961523263,78.01264383028439,normal
220,0.45217617037950664,1530.7575771433706,47.375376938385386,11.323868709679042,39.35263252926716,0.2800974040153561,5.2602739027265315,536.4725485218323,0.8802539436753323,78.8712931528474,normal
221,0.4697539123819232,1525.520264835396,,11.526196665767907,41.17360076233837,0.24577572303533332,5.243160985097318,545.895240739671,0.8819548738303369,77.24848206790897,normal
222,0.4714492292983589,1530.3294053114412,,11.084112825912486,40.017125944014836,0.2529301129603088,5.299887981949078,531.0908640748096,0.8667773136342583,78.22327268881136,normal
223,0.4373770569039277,1544.0612022130824,47.60996923076634,10.829493184151204,38.89799011340687,0.26526063822645174,5.2478005704299715,515.5918372822326,0.8783951894310928,79.8323168397183,normal
224,0.4764613658743719,1518.3897232308418,47.38741354906763,11.023832937969306,40.103486834927324,0.2539820208797297,5.2753292211277545,522.3909303273847,0.8571378911078383,79.22160633257374,normal
225,,1497.021731889606,47.47978020712292,11.099008872916416,38.49841757944595,0.2484823988175652,5.148390139443842,526.9785018029785,0.8752994463842054,84.49173428137529,normal
226,0.5571811049998158,,47.798278306048715,11.924806194211628,41.817549115396424,0.25994566247967904,5.354037934161902,569.985205216621,0.8581426254575792,76.7593122656998,normal
227,0.5420295166812367,1511.0134254506152,47.838264873046,11.617017247673136,41.513680317666726,0.2775022813664513,5.2772215747201665,555.7379481289313,0.8526528839300087,78.51187427644062,normal
228,0.46426559096370784,1508.6884108134304,47.32930999971756,11.153182642073435,40.91815948846335,0.24043966572010061,5.235594662907497,527.8724387501626,0.8664070638616006,77.0098903723208,normal
229,0.4854489358793899,1503.749965523363,47.505536151904316,10.805354127260577,39.13896184089019,0.25315854753556144,5.347278407728922,513.3141411267059,0.8810834036162902,78.96662697242597,normal
230,0.4544409244450382,1486.3275937840597,47.563073206309994,10.675763802741525,,0.25370029123796556,5.1838231937494745,507.77213528306953,0.8703140308297939,78.4275211384465,normal
231,0.48496025343117455,1469.3157356489373,47.26914149439656,11.948958734947063,41.31236950234642,0.2735197168455975,5.370502703495055,564.8170211529184,0.8818177862364177,79.94233218782595,normal
232,0.5165477142249587,1462.9660074448466,47.476093276049696,11.32728914972223,42.234439495164985,0.25705001224605584,5.399743592381046,537.7754362369982,0.857661100328242,77.82645798610639,normal
233,0.5477113452588009,1444.2015056384644,47.465997335319564,11.306590783859345,41.75991318558155,0.2979979020210039,5.365889253801253,536.6786080182164,0.8739436527066433,77.99956217703073,normal
234,0.49417468129971975,1471.7881746969197,,11.758676749048986,41.657888085973234,0.25471012538503846,5.189407557836566,561.9722231862892,0.8594952702332034,77.98878338388312,normal
235,0.5009867307993167,1461.6423808420586,47.80306854049506,11.398548372665003,39.8007325653279,0.25392409805613997,5.097388586354738,544.8855891206535,0.8678044505919403,77.06692659383666,normal
236,0.46080599614179313,1454.7091305743393,47.45063750737504,11.262436236118646,40.83325290515126,0.2523345795442265,5.3301387135426355,534.4097792899912,0.8696019246429741,77.86411970588738,normal
237,0.5250049645992693,1407.0420432087535,47.427675382055135,11.39821039214783,40.809806359111896,0.23485022080495643,5.297348391885775,540.5906224151546,0.8707149610192032,78.38708603218353,normal
238,0.502716604670265,1429.6635250618028,47.664650417298965,11.202512169755906,39.712764907701064,0.23895735357356013,5.212886326020483,533.9638263669526,0.8675967636219803,79.33779431069952,normal
239,0.5234508287381449,1458.7593042731562,47.33527583612052,11.38034890802646,40.51613027589941,0.25102920056431977,,538.6919546727255,0.8565356965877103,79.69870103754786,normal
240,,1427.6865100910804,47.632827773486504,10.923158310993692,41.326692353890714,0.28419986512320505,5.213476321171849,,0.8728874948194575,77.97066040978186,normal
241,0.5461068376519274,1436.0926061374896,47.440637491021974,11.547367683657136,41.180492051444176,0.26337631773483894,5.267942032086531,547.8144842559203,0.8798610989564041,78.12554825572353,normal
242,0.5010525905994225,1408.7602799070262,47.25589085189314,11.412679414139433,41.33815407999946,0.25103352529050205,5.311994097610827,539.3163327222207,0.8588341068896697,75.94484565245932,normal
243,0.5146516962581656,1445.4941716667563,47.24773501940241,12.039575645507737,39.84382939606662,0.28663694237258497,5.190100404554611,568.8426798450004,0.8455147608112986,79.46994624210389,normal
244,0.6274449125064298,1408.1665291499062,47.758057284453,,41.62735958121554,0.30244515734309685,5.349051798346236,577.8736167189161,0.863095512193329,76.92578186769177,normal
245,0.5298720363601505,1417.9833475282094,47.434828527397954,10.668775674571616,42.6789760763597,0.289015343736642,5.376306621182688,506.0715447205791,0.8595440521230391,78.85307612357614,normal
246,0.5405380508758574,1443.2364793479042,47.875072594867305,11.518089867500292,42.50443477741836,0.2479910856599776,5.31319710477752,551.4293885607821,0.8608864225246775,80.05841664981475,normal
247,0.6335125266343551,1419.3061891190428,47.261778411428715,13.06890911264925,42.62383805238876,0.2628777811864249,5.460850873921886,617.6598865611303,0.8629854006000712,77.6177786487975,normal
248,0.6705341345137128,1384.7315416634235,47.432954476408355,12.636691538117699,44.13560503174146,0.31231111355187846,5.4773264697892365,599.3956144599515,0.8508835140969926,75.486496522465,normal
249,0.5532225048579421,1385.6400520090588,48.05175464642617,11.34703349014075,42.850341344444715,0.2717661655380603,5.30480559580066,545.2448692330241,0.8584993959110557,77.6771632217902,normal
250,0.5823166879868477,1383.2489564815348,47.16554641882418,12.013548041833333,42.90213176280608,0.26421027497538824,5.1372795357857886,566.6255578218644,0.8586069070451366,78.24098314494684,normal
251,0.6086096233725525,1389.7029202002386,46.93398811752802,11.705964717920903,43.166962873632706,0.2863251202557203,5.253828505704363,549.4076089751019,0.8728658905715228,76.9590910580644,normal
252,0.6552237094290377,1372.8835033042865,47.692380992301096,11.772772343665268,44.77190149432238,0.29612517918572206,5.4356532672091,561.4715439497095,0.8560132386764395,75.99724039572484,normal
253,0.5787547893684583,1370.904239259854,47.224789305001,11.667113220546714,41.943107971590535,0.25872460274008563,5.196704569210327,550.9769636379102,0.8470541485766385,78.80724800173085,normal
254,0.6059946629260479,1393.0379231702514,47.40410607729816,11.985767035293224,43.05127871828947,0.2770134931405942,5.313323575893721,568.1745719588234,0.8459650016419529,78.20036375801853,normal
255,0.6416572769798878,1362.9693069537163,47.23385601029027,11.51370508256642,43.662324385262615,0.2943008144017814,5.391167650570702,543.8366880148894,0.8574078507137234,76.5837586228113,normal
256,0.6363528232040973,1396.2402660972637,47.45120280698415,11.736178076610289,43.371253773365105,0.2524314237211174,5.477608128150662,556.895766092116,0.8448613899254624,75.01517915193183,normal
257,0.6169832822134206,1361.4364834249247,47.16160667856293,12.027035072004022,42.9373075481028,0.27462642243452057,5.300148606737128,567.2142975751356,0.8413760078591198,78.10427856326977,normal
258,0.6291937322375103,1382.8025231359823,47.34407033419079,11.955070755974049,43.53557493150545,0.25336046615184804,5.302884869400907,566.0017107210629,0.8626187758829525,76.23017693778534,normal
259,0.5968812495623075,1361.041582264059,47.526942159762434,12.043491458955543,42.93152193344707,0.2536835605852473,5.327215875592491,572.390321971373,0.8645989198825145,77.85211949245947,normal
260,0.6358787852983232,1364.2349294845976,47.13079606378744,11.715409856447957,42.775549749448956,0.2655048817579962,5.386449238169364,552.156592747934,0.8519975894745441,77.68037382024625,normal
261,0.6399013581234312,1335.987003599256,47.20421720550596,12.415870062485702,,0.2869229898161378,5.348518644027658,586.0814272249139,0.8582893148301995,73.95140334429396,normal
262,0.6596971331633433,1330.0166743488169,47.27613887030739,11.871640259295898,43.278594525973205,0.27281571841391605,5.458323289315364,561.2453135168049,0.8561190453550973,77.30747838815294,normal
263,0.6408783177545464,1348.9417321599492,47.020418758299016,12.7492510990278,43.554717542759775,0.2650742131795443,5.296943532633278,599.4751255309911,0.8610778592897284,77.90755879394253,normal
264,0.6764544283790297,1351.9165985249776,47.243104468477824,11.788486400099567,44.14179019503182,,5.395057580040231,556.9246945251339,0.8591972546846667,77.74907622034512,normal
265,0.6974209449786118,1334.0771213381813,47.361253621695084,12.133657947130722,45.05023504569735,0.260210551141384,5.435404672466592,574.6652513929542,0.8259184396864727,76.84368069296183,normal
266,0.676391650528614,,47.24807367270377,12.537206998661516,42.69828198686579,0.29033543643232845,5.352714913396578,592.3588799226966,0.8504976964458764,74.13724884322114,normal
267,0.6869259350582646,,47.271272343065746,13.038065605337898,45.30425039608658,0.30552176000212594,5.458950720941813,616.3259500566861,0.8574299094324545,78.0861773986071,normal
268,0.6825646445506557,1308.5154912550458,47.337213066799634,12.540932329444177,43.979767320485955,0.2812529506275282,5.400304094618291,593.6527857352148,0.8482392619121188,77.34939421182425,normal
269,0.6855186536287027,1301.9585205590104,47.17547239747728,12.646642635871082,45.55884268137182,0.2793122822324655,5.453229263382933,596.6113405892955,0.8524330495076603,74.44049296285566,normal
270,0.6683620737498381,1330.4609668837402,47.52548215427669,12.354091842655075,43.899861951687335,0.2897534526974094,5.3933067177166665,587.1341714003989,0.8603107476722415,75.44880125936602,normal
271,0.7039400829471768,1342.0097270760357,47.68283162247406,12.203433565848664,44.89206347183478,0.2448534079171916,5.43246174988709,581.8942679364101,0.8517089954745707,77.00963104324897,normal
272,0.6959040722753169,1324.9269906651696,47.21375378758377,12.344159581409487,46.3258592639529,0.29580817449696856,5.345799224807075,,,76.81550315648718,normal
273,0.7659333736743081,1285.1616340488717,47.394707988204374,12.512966452229216,45.8418275736147,0.3530037954767652,5.394615728576234,593.0483910696014,0.8588197326214145,74.7223361287876,normal
274,0.7545901675638594,1316.8473034785231,,12.422778171373512,46.85894062196997,0.28789700841567506,5.534755327765734,586.6304394747607,0.8468062846208667,76.87909791386615,normal
275,0.7231489981948831,1319.7072704088357,47.398173738621146,12.823542808178916,45.341496017610915,0.2857446485390622,5.46530201503199,,0.8474584186582376,73.39492082697416,normal
276,0.692796236586797,1356.1346814868925,47.72211198027032,12.10895286557315,93.81173397680294,0.300862978211673,,577.864804614697,0.8223281731403314,74.44131805298692,normal
277,0.6863576587728463,1303.661726699339,47.462565831296715,12.576528637308853,44.720663278230994,0.31867431527346,5.402509093161752,596.9143183774597,0.8477632168605926,72.85195555881259,normal
278,0.7594315142252707,1314.3130224920442,46.83317121229935,12.448740946928286,46.66664738945527,0.31140483715931483,5.248956022380444,583.0140161450539,0.8337167528762268,74.0475634583233,normal
279,0.7354696183477729,1348.3687182504893,47.408776257387025,12.865592634516991,45.016966955907414,0.24716830095369877,5.37583595511029,609.9420026285026,0.8505347277636686,78.63539237665952,normal
280,0.7458016218455061,1329.5842178743994,47.59481066837587,12.654062741860939,44.97246977430335,0.3026668854833808,5.5055321734414635,602.2677203846206,0.8492094350264311,79.0001494374715,normal
281,0.6827877992372586,1337.393496715691,47.281189733957206,12.940585184661659,44.12293911703826,0.338088315751237,5.374195025046419,611.8462633844235,0.8576648723523664,76.207628550482,normal
282,0.7665921434326982,1325.212639925715,47.51803698845136,13.065648469044692,46.230386849486706,0.30609479124216543,5.451969115310617,620.8539672301686,0.860357698048264,74.4926219210778,normal
283,0.7559584831708615,1330.7324010023008,47.1046893156649,13.322319949104395,45.790897918843754,0.2699951491455317,5.193448428489646,627.5437421664471,0.8465348777916096,75.50925870417643,normal
284,0.7124808874927409,1342.546240116231,46.94019847343633,12.36570505427435,45.761516409824424,0.29553748217002673,5.372610710442901,,,76.32701318771849,normal
285,0.7350248824181991,1318.7362915433916,47.32842330790621,12.786346586196823,46.65121406073259,0.2663825741738072,5.446499962905005,605.1576237931248,0.8499185580710723,73.20967105021388,normal
286,0.7603657346029778,1343.9986931377628,46.833322177085165,12.576612067414784,45.29123365398302,0.3189715710857255,5.474066360217255,589.0045248494537,0.8330997328189232,74.65348471793648,normal
287,0.7572165353296081,1312.6345270157847,47.21460094928857,12.757586584690165,45.43639998712888,0.2752378195228577,5.511293576257992,602.3443596721434,0.8406135337151124,77.94170221364911,normal
288,0.7499684371957239,1341.0546478998363,,12.768374395422232,44.752442002929456,0.29555240605148336,5.412077219172865,,0.8427440861162848,74.23427720851826,normal
289,0.7586207628027812,1340.6039401719493,46.79514556573989,12.659225492320143,47.689814074683696,0.27789602929130797,5.421368390886961,592.3902996626463,0.8518351040969994,73.91015336367988,normal
290,0.7570568544560946,1331.4516239243858,46.953546205696846,12.479717461419973,46.28944121470316,0.28428946543738765,5.326623114358638,585.9669904588245,0.8363944247469624,75.39325457287612,normal
291,0.7719809363715275,1341.9678584479716,47.0030560636741,12.501207932765585,46.7065212294944,0.32642727598372945,5.426944031575588,587.5949773274282,0.8420158565718451,75.30675999685918,normal
292,0.8142320833155076,1332.5494603715001,47.21101622830309,12.431785079745747,46.01937359398958,0.3024454080448493,5.37162194123562,586.9172071466527,0.8411475509912346,74.31334877997163,normal
293,0.6956645349740362,1338.4057018247297,47.229854021313976,12.170821410503745,,0.2799987213300807,5.241387441461195,574.8261185375745,0.844080018886169,75.83307738630045,normal
294,0.768027834783286,1346.6399576320164,47.61275965912367,13.195596377956045,46.68394278310418,0.2743591852965381,5.352723399960472,628.278758902424,0.8529321115355144,76.12970119014464,normal
295,0.7827883172379885,1337.5940949171313,47.48933724583032,12.506312965179912,46.348367210900456,0.2613024635075975,5.570231268569142,593.916514105329,0.8503680432270911,78.33590507865985,normal
296,0.7886214388529385,1362.052960030752,47.369484888604106,12.623194227421049,47.52447433582785,0.2744694402192659,5.431641153611442,597.9542082017359,0.855203740359185,74.7170018301969,normal
297,,1345.0430140832896,47.295977948675144,13.62269727472142,48.19949854598488,,5.458011986773474,644.2987899067012,0.8409977587047827,74.4037270971477,normal
298,0.7311989816914366,1379.9085610793038,47.3890780337054,12.5372309482647,44.889335912523826,0.31508975154112767,5.371343406938037,594.1278157339023,0.8581842590356104,77.60474396974715,normal
299,0.7956482418655555,1350.2392896488761,47.02329857831307,13.260317272499442,45.9977433441214,0.28972589705709734,5.313959896256826,623.5438583479032,0.8291714452371103,74.33101427722995,normal
300,0.8394205017798733,1359.9631859638428,47.41766193342063,13.636646772588273,46.90944925050727,0.3361374896380045,5.562399998404592,,,72.49423801047708,normal
301,0.7432585273178258,1370.882439618911,47.001860846832834,13.067999112499711,47.17403817419611,0.2829755611470333,5.246088103755549,614.2202758322464,0.833042676456266,75.17286878143615,normal
302,0.8167452936668486,1398.4471211175553,,12.745476626993023,48.05406517765872,0.29873618636685956,5.426587665902193,604.511707714362,0.8414733676725031,75.99247376028845,normal
303,0.7824115175313238,1390.5580749745293,47.544251115424586,12.992664105463321,46.50209098293025,0.27945009425180756,5.442234634939869,617.7264848885115,0.8549966164651914,75.51047192830134,normal
304,0.7917442040314319,1386.0510816608105,47.29254847703832,12.5644026106328,46.81608960925745,0.3218953881948558,5.471242266089552,1503.156587137537,0.8363596759144675,74.36042480724464,normal
305,0.7631926556088908,1403.4378652989153,47.21820328633537,13.816935157583051,45.62801938874327,0.3420381518355242,5.37436583101429,652.4108530648707,0.8389166358388019,72.49944619839842,normal
306,0.7858198713665637,1367.053643174409,47.34381524136865,12.53953190164046,47.40890618310296,0.2669536875214602,5.300951920419787,593.6692815645141,0.8402669252939247,74.62170107390895,normal
307,0.8358064378879121,1398.591779584071,46.487951904370505,13.03216460910502,47.30106147857548,0.2995576206141355,5.418558360899508,605.8386415579137,0.8455309535012826,76.30131828540912,normal
308,0.8151133040350312,1435.487354661579,47.29503354442086,12.911790625933094,47.0327855805161,0.33041291814453716,5.407926380236967,610.6635707720445,0.8359359716729595,72.40485967030665,normal
309,0.8503080270701734,1409.3714894320779,47.16255769773296,12.96458913902091,48.3697239275057,0.2792858985427732,5.430282234415947,611.4431832964757,0.8334932147220385,73.86765819213407,normal
310,0.834242112491566,1414.4068274844176,47.190674886413056,13.866683729352511,47.45144998097044,0.3185651238693558,5.558154649697151,654.3781636245881,0.8260516231430124,73.58560924345561,normal
311,0.8125491147322114,1428.0938521692553,47.39690242693077,14.11222568229626,47.03173946053999,0.3302173598382746,5.367943030455077,668.8757836906224,,73.12378376162056,normal
312,0.8520267048599548,1434.9203500257577,47.16957798203445,13.335973308459529,47.94710932563056,0.31080260925641684,5.516410296407897,629.0522329397116,0.8501407551804341,74.39374117698965,normal
313,0.8130858071302928,1399.4286552520612,46.93395420226808,12.807943054980875,47.88233761667748,0.3174199324946473,5.477403477676727,601.12741276773,0.8410973383688038,74.62411646638145,normal
314,0.8248380599650955,1408.013589423809,47.17383643227821,12.558931791366573,48.783128580626176,0.34286480895011845,5.549469086538604,592.4529940900654,0.8320768162862552,74.10541166836549,normal
315,0.7910586958492485,1443.904439364889,47.252682448118954,13.05499252227831,47.33463483552037,0.3442048531052589,5.438002964378038,616.8834160177845,0.8534006650682714,72.38559344354951,normal
316,0.8017846428437305,1433.961625264868,47.255529283219936,13.095309400156879,47.710304558093235,0.3051469634470423,5.519118543046149,618.8257768319387,1.902771000627209,71.55240375547181,normal
317,0.7785731364172696,1471.000730405954,47.28542783810864,12.840065658014012,46.498303097406264,0.29417374013256786,5.425468788781507,607.1479981085985,0.8556128506003166,74.83715718399658,normal
318,0.8287662734893696,1447.3341749025014,47.464218733680845,13.447910506099792,47.00376480741963,0.2907290557877841,,638.2945657724852,0.8528146034773432,73.53142393623702,normal
319,0.7631881333514601,1433.0175941390512,46.98491333212452,13.11652196890152,46.921125844829966,0.32371359973173697,5.307574388017619,616.2786479277452,0.8424924527154397,76.7794954127227,normal
320,0.8213421595972062,1443.0535974917482,47.25340684924919,13.441465709204287,47.59004227471541,0.2816830375919404,5.257121635923346,635.155047807262,0.8239140356121443,76.95516996287394,normal
321,0.7913628615394641,1427.8731390038047,47.55553058413024,13.039118117926046,45.78365961456544,0.30196063406825385,5.477068510328698,620.0821804471188,0.8631683976886612,77.46494314418632,normal
322,0.8313073799280994,1467.0050872014672,46.767022656352,13.005112335631283,47.386648449389824,0.3125533816431955,5.508986963655826,608.210383248871,0.8420238219248728,72.47391247749961,normal
323,0.8176610108016343,1473.3179437158644,47.256087281903994,13.54309438799128,47.34549216863834,0.2996397363645513,,639.9936504659801,0.8354694053178,74.82459751312567,normal
324,0.8485973468984214,1471.770402250911,47.03966490315981,13.501301678672636,47.5686378271126,0.3180630087319893,5.4439334665859676,635.0967067212298,0.8465976336543725,75.03345178991421,normal
325,0.814622994020397,1501.4333904830114,47.120094400658736,13.605251921834524,48.55919452813429,0.36133083149215744,5.580990189585769,641.0807549015865,0.845632995767192,74.192053779472,normal
326,0.7441399056607046,1513.1809019684065,47.04253957748268,13.149205742834972,46.49732197511754,0.3022618561755335,5.3753504109554076,618.5720315697768,0.8551184015602828,73.58484808880888,normal
327,0.7877743212187086,1493.3832140810193,47.19102922773629,12.638120112236669,48.005750443520405,0.2997683786034943,5.476021437335977,596.4058956002025,0.8330787151431748,75.57342064710937,normal
328,0.7529858955581101,1470.8340737272679,47.72114453661811,12.426279552364855,46.500099340210085,0.32629196351176876,5.465236504457308,592.9962825708254,0.844501244187203,73.86570143144432,normal
329,0.7708433258001015,1514.7165363812398,46.93002008434502,12.772213697403224,46.6842434279539,0.3124975042513389,5.567331409063519,599.4002453406798,0.8284398319913655,74.08306959456425,normal
330,0.8298576950461696,1512.9906095888018,46.90609666444427,13.022297314072532,46.94045383472451,0.3415056062572789,5.445446273829866,610.8251366070192,0.8438860555353791,71.24604129892292,normal
331,0.8016606578317099,1515.367222759137,46.89515613811619,13.488397147814588,47.20006932907933,0.31404879017722637,5.398481673521813,632.5404902996862,0.8382780054888732,74.63251781878834,normal
332,0.7594664538938962,1532.5147030760602,47.68583270128586,13.095103231727288,46.44981345575142,0.30270294723132374,5.3010159211676635,624.4509019142153,0.8433021576833594,73.5614053071421,normal
333,0.7478098033986991,1504.8175757831345,47.14730150946619,13.28817038252064,45.144199782639774,0.27135629151417495,5.536563645764463,626.5013755338592,0.8394862961613019,75.26245752582842,normal
334,0.7768803622924608,1553.529275531805,47.2328032094661,13.217900766687618,46.3378792577082,0.27725365003626967,5.466102937678197,624.3185057552073,0.8368612729955902,74.48348607919355,normal
335,0.736965740302501,1515.4964312729658,47.17003192268995,12.913921044845164,45.80075224246178,0.27003311026970306,5.4403611068501005,609.150067932444,0.8325594763072801,74.59193182469501,normal
336,0.7507855732957587,1543.175204692256,47.023149057792644,13.344969154804936,46.64725923396774,0.31573136396832796,5.662792829436964,627.5224737380377,0.848329994291062,73.60322748146477,normal
337,0.7776304832980828,1507.4864725163882,47.17857417355946,13.251788803141135,47.17710435192319,0.2833390937704174,5.457917895084796,625.2005009813388,0.8538553827579732,74.9226910758584,normal
338,0.8001748143715977,1519.894599950739,47.83347025760992,13.247736600413605,46.75710771965537,0.33779108709697286,5.343176023790564,633.6852146565345,0.8321393379942377,73.10564471911427,normal
339,0.7809201098214364,1560.833345925342,47.58191383588099,13.627782640320623,47.259013788927795,,5.417877545671231,648.4359793658506,0.8440790576070127,71.24746524166967,normal
340,0.690958737266755,1543.9092214564264,47.09221373505462,12.611420194755716,45.127290541000846,0.2996423350780393,5.292260666831714,593.8996953140204,0.8472384531780937,74.99317011876313,normal
341,0.7657687755748982,1556.8098105112995,47.40707667044312,,44.33217863771191,0.2939256849455748,5.3906072034458985,612.2481231236591,0.8391319888760281,73.18130420138739,normal
342,0.7556412385704747,1550.7798274649956,47.04498746693616,12.668465837973274,46.066157649524655,0.3227296683796493,5.38264661954627,595.9878165727616,0.8241663260255688,71.62860316122148,normal
343,0.7626434774555743,1547.123007519615,46.80275744510464,13.25102736505739,47.45149077070123,0.29504662605914234,5.372459792358058,620.184619665225,0.8259410936503105,71.85830433374814,normal
344,0.795365710024359,1568.393907694742,,13.635520581984512,45.84019572309295,0.2943387108990332,,647.3481433909035,0.8293860317679169,74.27652874706703,normal
345,0.6815431270950069,1555.1701477959136,47.600918818408566,12.50316284679728,45.235327079568826,0.328999372683127,5.489384406399237,595.1620396437395,0.8213718289366362,73.5817362796801,normal
346,0.7221783829648004,1530.255043382036,47.53948345063534,13.223701483376132,47.15315797981055,0.31586752788104144,5.414003187026595,628.6479378251016,0.8546853164243775,70.02800443566355,normal
347,0.7540224456014588,1543.6833337642906,47.134611811280664,12.268741172218535,45.85799205708343,0.30691595103644564,5.39401481319838,578.2823525655971,0.8425647340317409,73.08251646467495,normal
348,0.6851460140328184,1570.6376095461355,47.265068321161486,12.526830205349418,45.23676619916807,0.31922499469553167,5.424116488894825,592.0814855034296,0.84190680858084,75.47055163232429,normal
349,0.7730880407191758,1562.2072267564795,47.42343300754895,13.061108869949228,45.78313069296767,0.3139022445229173,5.462416651859181,619.4026214983406,0.8157818552842904,72.88924294920936,normal
350,0.7359954891318583,1536.4873697993041,47.36312265556282,,47.46880296707878,0.3187083758676891,,596.7464440968625,0.8211750282525859,72.74462989998278,normal
351,0.7463994453723177,1548.8568672731867,47.15809909923068,13.75186396546918,46.295963448048546,0.2958353812353205,5.460181876264204,648.511763682735,0.8387450208553529,75.0629767063892,normal
352,0.6998551287326985,1555.089739308932,46.88855895115861,12.61633032343219,45.57047360793755,0.35014867605481,5.383182176953031,,0.8606754459704985,74.4456730386889,normal
353,0.7373047512175395,1555.5158941930158,47.291418992557304,12.722740752256195,47.299045994403606,0.30043618424679774,5.451966238408269,601.6764636486314,0.8319865189791412,74.6350030088902,normal
354,0.7407838354128888,1540.0673097823678,47.52950232229607,12.896658809727017,46.815752136801436,0.3437191467998872,5.4606992535131225,612.9717748467802,0.8473118826186844,68.71307942669425,normal
355,0.7114859250358432,1553.418757701304,46.98337415435166,12.012050841814421,45.06704433187048,0.3067695203695719,5.392625619638808,564.3666790620617,0.835214669663118,76.26321275986605,normal
356,0.7072361980725379,1551.8580275136067,47.44544383942135,12.422834557183357,45.18157017682815,0.32664077143663367,5.358668141139394,589.4068993092658,0.8406534684273769,74.39501010082724,normal
357,0.7039564309846069,1574.0344871026866,47.37084621727764,13.014494760367828,46.04464203570353,0.3252128276619602,5.496102076431058,616.50762988895,0.8522867984242695,76.85593506876259,normal
358,0.6655278376648497,1576.8944979170756,47.50582371977963,12.220909379452369,44.466025751848555,0.33068301524379523,5.308204502466256,580.5643666756657,0.838476769046118,72.39086379357302,normal
359,0.6825272573545581,1560.2436957096422,47.52226397897104,12.254181507372442,43.58585778418688,0.29258536949762554,5.389307696122328,582.3464484395785,0.8340601610292321,71.45881749503519,normal
360,0.6778480210747805,,47.133980168405294,12.975797411989356,45.161173825505685,0.33082812268904094,5.387506204208636,611.6009778859511,0.8552507732114453,73.30709325817561,normal
361,0.6893445801378907,1561.4907498984662,46.89374236741642,13.056782876456563,44.23487468222272,0.34745584633167875,5.3133428831698115,612.2814123558484,0.8408257136746334,72.99888403980215,normal
362,0.703207909579791,1544.5114720048646,47.15309465830494,12.853071520566672,46.969950427497395,0.30675416600890226,5.306852439792527,606.0620980592437,0.8504639156437196,73.86833823636618,normal
363,0.6367817618226608,1543.168186297665,47.56148027313463,12.115527944389402,44.63102475879823,0.3075999650409489,5.296338154175082,576.2324433256879,0.835895578938323,75.16595509368314,normal
364,0.660069401560283,1542.5227379221787,47.18465034190281,12.331981019473405,44.19297240203969,0.2985918319524506,5.301236704064171,581.8802124268348,0.8555253237213538,73.59691113872614,normal
365,0.7035052818696232,1541.5723206477187,47.11147476839394,12.396209730104367,45.14839264484235,0.3058988201080363,5.254035112260863,584.0037219235313,0.8418979561080786,72.99251731674707,normal
366,0.6319589999583496,1537.1376691396629,46.88646802522773,11.901464976063384,42.91628771543989,0.3416242085024237,5.268149941909753,558.0176570535635,0.8469617694668982,74.49229649391225,normal
367,0.6247702627990808,1555.1991120078294,47.78530147489555,11.84220841639529,,0.28702787295336574,,565.8834993059943,0.844164518923462,73.57803598532476,normal
368,0.6506471685749853,1559.0827669545304,47.53244945781494,12.147947622119293,45.593931950010315,0.2906322494259642,5.433959530589257,577.4217063645685,0.8363745264468654,72.74450403054593,normal
369,0.6650218982486814,1520.4592639338043,47.50657824485986,12.089613738332076,46.83338772206784,0.3431345328901003,5.386764050100061,574.3361810102055,0.8405686074246512,73.98913359807995,normal
370,0.6351206787429065,1544.1575244538458,47.57953955766218,11.726313019082433,45.09919434869878,0.3213072950440555,5.113185518419724,557.9325741569617,0.8375294898714514,74.98878289770771,normal
371,0.6697125342775582,1534.6856419744443,47.45369480274696,12.559202920729756,45.07543679043617,0.3542829898748483,5.396333263001399,595.9805823660781,0.8496961558475158,74.43919619448569,normal
372,0.6505947041784081,1541.4616899965138,47.263312748467065,12.45106450156914,44.4677226625948,0.3016292956544862,5.286660730536965,588.4785555889985,0.8389009108017941,73.1352550592243,normal
373,0.6451770988523733,1533.2619412572144,47.28737100631374,12.932978924285583,43.95891689995786,0.3130221926546093,5.363433344312633,611.5665726095287,0.8261121862072989,70.21022370697918,normal
374,0.6315651531176297,1509.2884497200375,47.231893483605575,,46.135251530634996,0.2964859853005798,5.316194144243656,567.8861720989436,0.8248385141685376,72.64779633615504,normal
375,0.6797810742705983,1504.7162153943486,47.95848001225649,12.65146260278406,45.21266671399478,0.31671473116614474,5.335327488357852,606.7449163614298,0.8218296696840331,71.81888993230253,normal
376,0.5988002344246902,1526.8639267302558,47.50314048917585,12.172642802622095,45.60685470587958,0.27218021658476954,5.285543440972906,578.2387611775126,0.8492004965215276,72.97010114939405,normal
377,0.5398499233922452,1542.7434561153952,47.294955605660604,11.621899429822756,43.97640113450326,0.3169371267058976,5.250329525482798,549.6572175869195,0.8343281571303314,72.25994213678365,normal
378,0.6430837578167824,,47.44427582782192,12.591913381361747,43.3354976849495,0.3182581339215447,5.43160594066599,597.4142116653685,0.84355726202768,73.38798067730886,normal
379,0.5762288311160485,1521.6015660462192,47.12825133199838,12.202848323028155,43.000324516375514,0.30558107479125823,5.275348667898664,575.0989027339258,0.8451397915257006,72.03295444778065,normal
380,0.5882061892379291,1529.1556776027364,47.74709634043378,12.119227182216273,43.22178306340738,0.3001749801232712,5.371814912862497,578.6579078408841,0.84240298824205,71.61841193729103,normal
381,0.6192756517171416,1502.2908951088505,47.18042980267283,12.102827219541126,44.26073267965732,0.292864653791177,5.381579503868317,571.0165900454381,0.8457555488474663,75.09113204951296,normal
382,0.5269532063448817,1515.8990152591196,47.544409376899566,11.514481948615654,42.62289463531987,0.31822010607435086,5.29479135530399,,0.8474455501996162,72.06192520814724,normal
383,0.5325190486253272,,47.68076273817689,11.19554971824889,45.17666275874705,0.28098122542700055,5.102060684140449,533.8123498392885,0.8183618210333345,73.01949868174017,normal
384,0.5170963056418384,1497.7598642053483,47.522381647000664,11.30090694494618,41.64862009271557,0.3136990338683119,5.323191270812525,537.0460127949726,0.842868898948289,75.2182528535451,normal
385,0.5363985234742705,1469.1486181569205,47.4339482204599,11.482339883626823,43.04935854538031,0.3467862308750482,5.210406495928666,544.6527154896762,0.8492659675522419,74.44382666863814,normal
386,0.5685245383477531,1451.125040313938,47.38691341764172,11.500659531918451,43.94599734211537,0.33786962386656105,5.326451381014147,544.9807574847956,0.8596863593219389,74.03779301122043,normal
387,0.5662018173398375,1495.9646161706753,47.37154378483379,12.035337753597389,43.41806484999293,0.2781627274845663,5.189431055820605,570.1325293598019,0.860139139177065,73.90666440179866,normal
388,0.5539361000976681,1463.3331990931188,47.25087499643895,12.227840858484589,43.29502428900397,0.2968411776766771,5.163508145603274,577.7761798806041,0.8301312394839514,74.39666316711768,normal
389,0.4984705591724606,1470.9803130509592,47.326634179790084,11.159657050008136,41.38099325824951,0.3118596203455708,5.3772656780235994,528.1490067776504,0.8429136644193919,75.7951611786031,normal
390,0.46679305817656597,1454.7903598227551,47.83382761726347,11.38786944039404,41.74017459502046,0.29978267693944294,5.120088071690142,544.7253837397111,0.8322085400716898,74.3327330244109,normal
391,0.5330093322426136,1444.3590230234963,,11.32527472597975,43.26433805303632,0.27878941286430275,5.334353028664779,536.6300885028012,0.8596326210030236,70.62090169589919,normal
392,,1459.7435179039269,47.23004066017696,11.458991272908992,42.757387703244675,0.31313908105618654,5.2374836045412705,541.2086237441047,0.8554601500349711,72.43200217380401,normal
393,0.5358570042750995,1444.743408777918,47.27835342522109,11.465186389368734,43.37931824295052,0.30738882294009895,5.210381040608993,542.0551342026096,0.847547057011841,74.09958900113548,normal
394,0.5385539972032195,1456.343655089633,47.67994588608979,11.934898219197375,44.110129996605636,0.3463833383736877,5.241958618238289,569.0553012473202,0.8454421728558608,71.55399935092925,normal
395,0.5171141513679207,1454.3901221479384,47.59048973669637,11.359270848864014,43.35203996816238,0.3016089784073766,5.126115865834707,540.5932627492172,0.8585344232849736,75.48123335645104,normal
396,0.5312968138062113,1446.5105894023122,47.54990722883419,12.037274871671292,42.92313063288774,0.3314601430862581,5.23869732755249,572.371303435947,0.8560071268536212,72.81697689567103,normal
397,0.5109522643151979,1442.1601064560655,47.361303259963016,11.476375201681563,41.57082665331457,0.2814226532827831,5.138603656823057,543.5360862519598,0.8563664450935871,73.81641991476583,normal
398,0.5156209155322045,1457.162675470778,47.56487224208161,11.364279123942623,42.120605120528054,0.2868696374097504,5.196521822898734,540.540484653686,0.8489942599104535,75.13796265040575,normal
399,0.47428450012721246,1416.118110287254,47.29329346144622,10.906216130585504,41.689189225042796,0.31884805925640847,5.272912189435138,515.7908800177387,0.8428768948341941,73.02097790746778,normal
400,0.4858074354071823,1425.7629841745738,47.379644872444985,11.503883205224948,42.28252393025899,0.32730318041970125,5.226955921795377,,0.8533391751319683,73.28483593365905,normal
401,0.49293813962778266,1438.4389933717196,47.680877924574396,11.772623335259786,41.834674015526765,0.2873430765486513,5.0927049093719585,561.3290161005177,,74.79395041895977,normal
402,0.5075603894339152,1434.7416361935207,47.644881408432845,11.643943875640774,41.74029444545882,0.3084341691092454,5.289299562957017,554.7743250813526,0.8424236959074473,71.06725340725245,normal
403,0.4671151343031726,1393.2471629999711,47.21277371714149,12.090452030848905,40.818647744726306,0.2773773270234638,5.19196724191687,570.8237758704231,0.8427147399180168,73.34346984183392,normal
404,0.490620887893387,1403.6491653270905,47.22514794835139,,40.879708336971646,0.3035568841800903,5.165280817567219,564.3203112886313,0.8562599698688861,74.75820140106359,normal
405,0.463147336977202,1426.629391112017,47.487766926336356,11.177921531067971,41.52650634827473,0.322013762270325,5.248824646368566,530.8145323882327,0.8628165715532647,73.24198625990223,normal
406,0.46381341046995644,1409.6413619493887,47.8911746088277,11.179494130378425,40.55906416407736,0.29692133237947743,5.175846635199833,535.3991054363174,0.8385230447282387,75.80636785739681,normal
407,0.4885253298901985,1398.8854404837396,46.960563674328384,11.60472014308767,41.387530803541694,0.3029086717218811,5.112935007216921,544.9641992022297,0.8420225355583497,70.91585240292794,normal
408,,1395.771788595071,47.57925484899221,10.618518149411063,40.29191272243223,0.27852200151653106,5.291874625004187,505.22118114947807,0.8524551327508585,71.239322581771,normal
409,0.41760367627043193,1388.017904961223,47.151347427091196,11.425499361906459,39.85930830533795,0.28983228512855225,5.15449253875869,538.7276899412602,0.8528181664642147,74.93896307236265,normal
410,0.4085947519957563,1395.0629039049406,47.34356563684436,11.091056134152737,41.07802355027554,0.33753286770830093,5.142724859496333,525.0901440691854,0.8430538548545048,74.30673389321473,normal
411,0.3797061306506652,1385.631581109549,47.433735163607274,10.882175884772868,40.854745349719124,0.30180996743568694,5.096271615832114,516.1822489221099,0.8684320515640682,73.0417237304219,normal
412,0.4261149048426282,1381.5606100481493,47.38217114873206,11.312552737379391,40.66672350203924,0.2843099261286268,5.255229819318757,536.0133099315677,0.8513722549529368,74.09940623300494,normal
413,0.4657900345686551,1376.8329784640096,47.321692131717185,11.914411233730384,41.47913589040967,0.3015265627662985,5.14628125897622,563.810100333262,0.8503562756423445,74.20597729727723,normal
414,0.4317026031283226,1364.9779522489648,47.48379581269986,11.167981601710292,41.6534680702526,0.273438364751038,5.040478337571637,530.2981580156002,0.8642105496912286,72.01058695972795,normal
415,0.44322477421771705,1379.1217092466884,47.33854540489812,11.138967167711492,40.868067539532326,0.286317406943654,5.117514421744676,527.3025030323798,0.8414298798156508,72.27450603511305,normal
416,0.467111231084193,1410.0044626389595,47.08721877067056,11.851152949413683,41.25137299520845,0.3360102220416428,5.294337511196486,558.0378316137197,0.8437167502068055,73.07764271650444,normal
417,0.47151239749356044,1336.4999647759248,47.64386257270883,11.689401767839326,42.922320185973575,0.30659778201066845,5.2575133212204435,556.9282513841165,0.831722684106999,73.8540112580716,normal
418,,1368.9537883416288,47.67233813421055,10.972352692965966,41.87886829493159,0.34398975024299405,5.139021189852579,523.0777077068892,0.844634918485115,70.73365125765427,normal
419,0.46710083978644923,1347.016900131146,47.66238396489253,11.328607118101312,42.383633933710954,0.3077713689617854,5.2970478465545625,539.9484222503593,0.829337000536128,72.29479156541082,normal
420,0.42682464775868917,1368.007022812313,47.09821070276456,11.154769072018121,41.92627845602106,0.3060285663705933,5.218495867766858,525.369664094591,0.8535934746652567,72.34731613729947,normal
421,0.3966164424400706,1360.335530151749,47.58187341505303,,39.06853236644639,0.3174412769647137,5.11585398530452,524.9718605991462,0.8517002546364113,74.07744089204596,normal
422,0.4016953274422732,1368.7069967916798,47.67165846867849,10.463301966783247,41.83318399778406,0.2518698628745968,5.127129954145959,498.80295781514286,0.8443505455616712,73.10343951029448,normal
423,0.3730129810237318,1375.4315921990926,47.2673921005732,10.227399265905591,40.55582330165247,0.30741772320351046,5.1463369072739145,,0.8474260146212605,72.20729602331784,normal
424,,1357.827259431481,47.514438580316785,10.552660927720908,41.34332154191026,0.3038941504174932,5.064158464731577,501.4037595091038,0.8551304156456995,74.66171818787531,normal
425,,1369.386237682095,47.47143383663182,10.611048193903487,41.105390654569135,0.33600934358728923,5.1405605012193405,503.72167227420096,0.8353309516130306,71.76525002265818,normal
426,0.43593133552437646,1313.3651757379114,47.9341445561892,10.923193728355965,41.43886469985012,0.3285217227485752,5.187714572009438,523.5939471902741,0.8469506998882982,72.0666594611889,normal
427,0.46181217295565746,1369.2743401171842,47.93360921667678,11.527216925100978,41.65367282754906,0.28891667807380683,5.045859178610802,552.5411114436528,0.8504849731532517,70.34076447843637,normal
428,0.36720755128465116,1357.7584310168832,47.111662792249405,10.679566308165223,40.47309279243919,0.32915682434855137,5.099114005381564,503.13212667774786,0.8302722611445974,71.66063396488822,normal
429,0.4190613126681153,1363.4879816791167,48.1093336187287,11.11980323546868,40.87168695227858,0.30350797229999443,5.125979157983379,534.9663236297815,0.8522265896529722,73.56160847060853,normal
430,0.3747841082411382,1332.0911272430944,47.29205018637147,10.358146746173905,41.02673676333836,0.2874149318564727,5.201141439967791,489.8579957578566,0.8307253409311406,73.32143567836874,normal
431,0.4190865202838382,1334.1016572402411,47.730165996429015,10.892143683458013,39.86905426798276,0.3132821642881711,5.002014315953187,519.8838260684067,0.8439497958695613,73.85098412559444,normal
432,0.3998801544660699,1350.1987543711862,47.742570246538826,11.145271483719872,40.367584593038906,0.30404011281698673,5.105275526466549,532.103906728242,0.8343270437044682,73.67336839117318,normal
433,0.3479753362106231,1352.008436562339,47.29213003503831,10.837786795473827,41.510757436227244,0.33500433067533525,5.060588652132081,,0.8627435571975482,75.35860942838039,normal
434,,1350.244662694821,47.598361309200726,10.86913776400159,40.85817712881756,0.31789849657245933,5.2329934044178525,517.3531464104258,0.8326353255577471,71.40867990531946,normal
435,,1366.4844390347503,47.48507376906656,10.900597542356188,40.336512986955945,0.31175815848823324,5.119706764162877,517.6156784256892,0.8299126490867342,70.2777634860762,normal
436,0.3848957421875178,1324.2865673183755,47.6488477255899,11.624425747298469,39.8584222490589,0.3260773283048375,5.267660045728906,553.8904923304514,0.8475432797611326,71.13075247746362,normal
437,0.3684052939715492,1367.5565353434822,47.58070864442126,10.750978076579813,40.54467574972983,0.32889449307724283,5.165072619535264,511.5391555043045,0.8427721467022151,71.39349985694925,normal
438,0.3805791673206099,1353.1528096531977,47.811969327310926,10.58881620329924,39.91445730316014,0.3239749823941969,5.0874658094491485,506.2721555246762,0.8311293262947864,71.18671783271279,normal
439,0.41287904185854635,1348.6275200075745,47.50547742794605,10.965665087935408,40.94471849268076,0.3395680498525223,5.161732645542797,520.9291553173315,0.8496934325925327,72.32568562008892,normal
440,0.3943246284617671,1332.5259614571105,47.45908554134189,10.948668474001325,41.44666131178207,0.32215998550769415,5.100912744347992,519.6137936714221,0.8253229063927819,74.02366738349166,normal
441,0.40994644107609574,1362.4949178205657,47.762155652692826,10.958479471346658,40.498090258529714,0.31488102147803615,5.208591593824027,523.4006022272981,0.8339692924071863,74.76778567033021,normal
442,0.4111537983226562,1320.4268084894913,47.63185568566745,11.008909445366383,41.71806260300148,0.336699931929925,5.033775628251319,524.3747859582729,0.8383940473129371,72.64502583419487,normal
443,0.44025036247797383,1365.999165597167,47.64601577753029,10.690507639142616,42.27703559840294,0.3127182029438845,5.09448975075483,509.3600956443972,0.8505885214773858,75.09544234538012,normal
444,0.3908058978332708,1339.9833669721747,47.3360543184227,10.563377606457657,41.58155694169508,0.31153740882578174,5.161895885770853,500.0286161652896,0.8578681002046565,71.5378733948129,normal
445,0.3573670299996122,1368.1482447510234,47.267219371226176,,40.256465524417855,0.3429208173430716,5.199760389358002,503.33201766906495,0.8574880781459391,69.74092358121001,normal
446,0.4343966672142799,1361.869265274737,,11.106501184586833,44.131913743498515,0.3473820424583488,4.979129520476458,525.6103239804171,0.8409509316537629,72.54195398690574,normal
447,0.3932660858368318,1387.125633982699,47.3437764471289,10.720646282164445,41.65052325792633,0.31178150717551933,5.236119687139828,507.5558809515371,0.8201420119257615,69.20432573289044,normal
448,0.43760222750705774,1366.1494690655586,47.65964568319762,11.124125665795493,41.87318923385183,0.30671279302642895,5.145652867412727,530.171887767178,0.8459817132488429,70.77427171438565,normal
449,0.4167418815766194,1363.0335115458515,47.72336314117376,11.083524587270034,,0.3436703768272136,4.991217827237902,528.9430687624159,0.8576968334718806,72.76042920636026,normal
450,0.40250427459164734,1370.0821479804993,47.451557627626656,11.28928949828426,40.92055724828896,0.32956817534748756,4.891489660609462,535.694371202796,0.8559157762534741,71.79776858047508,normal
451,0.4182204793347258,1398.7578937973055,47.83507997674289,11.038818952165474,42.430498099453345,0.32142063957751427,5.019944734673316,528.0427874256206,0.8472964477820771,71.24791869455773,normal
452,0.4677265268233712,1387.1283690320688,47.77944571830869,11.511516508816301,,0.31292395401379725,5.175039853369611,550.0138781684029,0.8281715234132785,69.46414070684708,normal
453,0.4730637595927442,1376.3858111068466,47.493491298573566,11.215544720611723,43.475959410069116,0.32671422833837527,5.174746850408308,532.6653755971356,0.8344215151283656,71.10377516645588,normal
454,0.4145122438516268,1386.9489691053693,47.273592825002076,11.255280277461807,41.87586297533016,0.3152539162319774,5.189355055848197,532.0775369680059,0.8618152006856177,73.16799291849169,normal
455,0.4190302183119033,1370.389987487512,47.86887853650001,11.214911267663767,40.33284478876463,0.3030546697200311,5.0975690176459825,536.8452252694223,0.8279587583749612,72.2237594957605,normal
456,0.44842149959105637,1401.2529831740208,47.43584999718223,11.564040344822745,42.264485754656015,0.3215654923105054,5.073125033687787,548.5500831583752,0.8290529731225965,70.19169893850994,normal
457,0.39278916831933924,1377.4686558653284,47.526734484885964,11.178172610470522,39.88859271863182,0.32013445007475294,5.089445123157622,531.2620416840571,0.8526134132257944,70.26075532327506,normal
458,0.43028945962245785,1416.2357737376317,47.3798746821556,11.360771706977511,40.37508319339538,0.3106100010527431,5.151097449692817,538.2719397691734,0.8368761864473857,70.81872859699097,normal
459,0.421772120454494,1411.7594722397093,47.24872521413884,11.070415153466548,41.61141527430807,0.33580493895483843,5.160574701575953,523.0630035925795,0.8296709903782483,72.01997098006156,normal
460,0.43432681140604085,1448.9102574324982,47.093552171194595,11.267169164207063,42.07297260515956,0.3448013582299291,5.0874343743610355,530.6110188562603,0.8560154145864027,71.70724419902966,normal
461,0.402379485875433,1403.5233660132972,47.64406995590875,11.363235649051333,41.81040315014711,0.33615878813930633,5.199986547115445,541.3907941888779,0.8468185246036097,70.10980055933156,normal
462,0.3822723917834577,1424.5341129122037,47.30567127264036,10.643389902785914,41.13182305358543,0.3099192089594976,,503.4927039677301,0.8392702036294406,68.3787217471652,normal
463,0.3704550498613752,1458.503165993464,48.27544120272291,10.58202027053594,40.9550109788429,0.32990712931871585,5.035279094207212,510.8516973762798,0.8320962297567768,72.18882929270181,normal
464,0.40191275761656997,1451.454624620159,47.213456819437944,11.055461271429087,40.316599145417946,0.31915845372950225,5.083151946521593,521.9665433575857,0.862330054113067,70.46057101097814,normal
465,0.4245665987407482,1425.9546519186472,47.152089509267896,11.274482263019882,41.436449289468975,0.294988523423854,5.228054558779403,531.6153968365668,0.840353673977248,72.66893923470008,normal
466,0.43252472642364176,1443.794466490673,47.5871862905918,10.88969690531738,40.46632379057084,0.334086590704697,5.136680706523181,518.2100352814192,0.8540484621517197,70.45024317191448,normal
467,0.5025301951686605,1439.5782160807962,47.78555859225577,11.573251137870683,41.33776063653825,0.32944698337841993,5.14041355929158,553.0342703516103,0.8453861392823236,69.84905176692764,normal
468,0.48078308431341227,1450.2634354372128,47.43635831125547,11.437286841489223,43.14986239610805,0.3769474516571847,5.254506670631586,542.5432367214901,0.8322030395088147,70.60783504172694,normal
469,0.4220258156336256,1445.0253771063628,47.609860302831834,10.34354580246481,40.90555816053429,0.34981323731192426,5.310374234372966,492.4547706912922,0.8350954031559938,74.77580001881756,normal
470,0.46469825840809464,1455.5400563814371,46.97135787502227,11.299321645867717,42.98250073079159,0.3385965285319385,5.1852660605211245,530.7444807730382,0.8524292368929629,71.80025606712182,normal
471,0.4455241918329123,1439.2405858915865,47.27778908204567,11.207324943695673,42.83438707659754,0.32811492001793446,5.25344338870023,529.8575448619933,0.8534248603150378,70.98013600113224,normal
472,0.45276406790337265,1469.4584514502933,47.172554121149375,11.250973954162788,41.59091320743288,0.3272770551039056,5.242356529783515,530.7371777683861,0.8195434291705632,71.66463844446281,normal
473,0.47049988276874405,1477.5566192405815,46.95259092487602,11.910312411980561,42.886200893922,0.3056395970442502,5.123100572667839,559.2200264671967,0.8427984965447792,68.2550097136997,normal
474,0.4872447850700587,1470.8354881438656,47.44178450984943,11.090933467743746,42.19477516038015,0.29256514268195677,5.18507030750674,526.1736755897758,0.8351261965191108,69.48100531226643,normal
475,0.46230351251157786,1456.775220799856,46.87136854980915,11.0794483794848,40.80639482108659,0.3081903131645827,5.0625435005586,519.3089083234178,0.8271270723113414,67.66044431625787,normal
476,0.508288123534624,1496.8803236523788,47.06432176069298,10.73095645866837,43.21780872632649,0.32865783378958646,5.180607305999335,505.0451875707546,0.8376534300832015,73.10529312662777,normal
477,0.44608300440759946,1497.1904214552278,,11.104924482692487,41.631110238283114,0.2828168889835909,5.103030263046505,525.373082050858,0.8245251529289721,73.6151074408637,normal
478,0.48457467958745903,1482.402927200001,47.20518602002784,11.36697116552394,42.35692857039313,0.31741248264164185,5.147505177285628,536.5799883528503,0.8313068792798375,71.38955494506129,normal
479,0.566430331958416,1487.1343488018995,47.44620806849212,11.81933935451224,45.77101629938612,0.33018701993922234,5.176709796666136,560.782834246305,0.8237688086265064,69.84738620079295,normal
480,0.4993778086786712,1478.7375257223662,47.47672599536129,11.984454337905522,41.771451083457805,0.32575845759455946,5.166463276882311,568.9826548046594,0.8299831552230886,68.52343561346231,normal
481,0.5399342159589797,1487.0960039843042,47.59091849386681,12.14257288812144,44.036789192556306,0.3203689392078679,5.260065510192579,577.8761966244244,0.8321133583104687,69.8561943987029,normal
482,0.5040001609990767,1501.685746535445,47.58389497035055,11.654253321573087,42.29617378883472,0.324190320412148,5.182440092641469,554.5547660115928,0.8243440751224843,73.33615473567326,normal
483,0.5230563560952733,1530.9756637346238,47.66534026425729,11.612877112453207,44.16998050126556,0.36731487879488645,5.055855314880789,553.5317390120878,0.8491536180219177,69.90836144207609,normal
484,,1508.365860128486,47.39099192860338,12.01487303856116,43.426048439349856,0.3451966702004407,5.134699372782773,569.3967511936462,0.8389640230552801,69.2352020403012,normal
485,0.5094519465215892,1531.614940987128,47.466053291423094,11.656552057878397,43.51864804800916,0.32112645377842636,5.07326291310941,553.2905211735035,0.8517974699886002,67.5806566058982,normal
486,0.49572676352840933,1519.074712382808,47.528628123914785,11.295972739775852,42.22054786427526,0.33015940883463313,5.204398439954599,536.8820876466854,0.8328121949101137,72.5761966096766,normal
487,0.5366178905173683,1531.530205465588,47.40303395701309,11.228278020746918,43.10836979709732,0.3345232979728812,5.2534291885498785,532.25444429625,0.8267554343749303,70.07016363109256,normal
488,0.5028080278770611,1532.2145057312873,47.29495208111983,11.472896851696625,43.862403289648796,0.3173175769248364,5.209687141982877,,0.8513928790213023,67.42243328071498,normal
489,0.5530117707741362,1547.1153648089914,47.27056001651802,12.193955690488426,45.44924871687113,,5.160979941455759,576.4151143059946,0.8253928340792339,68.13161320757843,normal
490,0.5703347391371518,1528.1866852039257,47.135005661651576,12.831807818531631,44.737010507372354,0.3588731227568559,5.2555130737615325,604.8273341757134,0.8283992585863871,67.4880185177613,normal
491,0.5535428744338308,1517.4085380843624,47.457815946295696,11.957082752673388,43.34091439588572,0.329215515548657,5.186067702334415,567.4570325310003,0.838097141892873,69.83360895384838,normal
492,0.538766179720169,1524.7571896871773,47.34031228688941,11.58023557546844,44.07236156919625,0.31482704970622044,5.121941509173555,548.2119684984224,0.8191331401870655,70.20871527908815,normal
493,0.565812220876434,1538.5106857485787,47.175968795648004,11.596899472334108,46.23835741107909,0.3383137637828877,5.29095255619689,547.0949676331007,0.8371459388066169,68.27599777057921,normal
494,0.5478025512615019,1532.213041911114,47.1901917499895,12.098014533786397,44.062484254685,0.34038790208260183,5.2841000028448395,570.90762564354,0.8366418418475284,70.80337110975408,normal
495,0.5900254805105719,1556.5919902952,47.018957915297214,11.541803319774809,45.91837170367765,0.30224336680100566,5.323791860165182,909.5100610915127,,69.47520363079366,normal
496,0.5119369823838844,1552.4108658372536,47.628321716875085,11.884759777376335,42.75938284078107,0.334927354203341,5.1442167736444375,566.0511622046567,0.8412518861527755,71.60750261514973,normal
497,0.5617517414743007,1593.5822618855884,47.362996977497914,12.278477651154587,44.22298343934006,0.3573789706988208,5.321770366682986,581.5454998799104,0.8427353824433843,68.83035881609517,normal
498,0.5170540118777883,,47.162983724720384,11.878041062550443,43.95608559638203,0.3457600512795088,5.15631277950095,560.2038573146269,0.8307411621358055,74.07796803698113,normal
499,0.5368994688001119,1567.6100676115084,47.564527287297864,,44.14385458626335,0.38321091235169485,5.261637673833117,559.7767168085275,0.8221013008541582,68.27811798571784,normal
500,0.6276514874241771,1542.422015740796,47.14925951837103,12.589159421009551,44.854757614366946,0.37118927110890165,5.231677356862763,593.569544659325,0.8471651529973145,67.62356731231252,normal
501,0.618583786617137,1554.5363475866616,46.94458371053371,12.398103459856275,44.66537626179431,0.3747122558180494,5.24795079479672,582.0238057230805,0.8111266234880686,67.43855101040754,normal
502,0.575141616370188,1569.2264192029288,47.585851161610634,11.806529706363916,45.32999896910548,0.3985518303465004,5.041432008789598,,0.8141754531133532,68.24229634480501,normal
503,0.5566507520270717,1535.2152492177827,47.21064701921033,12.61682322032313,45.16811682213701,0.356525877641194,5.197695963844413,595.6483875584519,0.8348913032707906,66.33498457157704,normal
504,0.5177887443089778,1578.0852156454305,47.273369086045655,11.614170120855073,44.733415163158384,0.34180710587184593,5.2015992015951165,549.0409507513053,0.8473078794798359,69.57510265297208,normal
505,0.5954142952801698,1598.008930443736,47.32337140872971,12.47577555723882,46.372444904314236,0.3645224615844514,5.215512309200256,590.3957603071646,0.8289471456550999,65.57267997234179,normal
506,0.6893188378656436,1556.106586761227,47.52318306109309,11.922425551186143,46.73561811687819,0.3416672003797002,5.45421089250322,566.5916120012728,0.8322243428101619,68.71784114614994,normal
507,0.6347297016738338,1571.9387554323675,47.2857993728871,12.889421584487554,45.40469900455191,0.35093043446709216,5.182172553553334,609.486603076639,0.8048776310944662,66.74443601242456,normal
508,0.6098592397025038,1585.9813587080316,47.0004901240328,12.8087523568508,46.29512311904566,0.33412442818285754,5.212340406688326,602.0176386493479,0.8209586275923962,68.03750334093095,normal
509,0.6455453961852625,1565.678588499151,47.40727271723246,12.520494853148017,46.43547689376345,0.35818547463923955,5.209683795052917,593.5625140578934,0.8053051870650925,69.25246855413951,normal
510,0.5896910763363935,1564.0854590822366,,12.371748013254141,44.0820197876381,0.33301116606461345,5.1975398102951536,,0.8345163864577105,72.67995508919635,normal
511,0.6325041393682139,1535.2404614910863,47.75288343618345,12.62978788538494,44.82005088029946,0.33602773279525866,5.354790546429536,603.1087887145089,0.8089742062043982,67.33216492807277,normal
512,0.6492862892107799,1577.458549681461,47.26677977874908,12.311277264038882,46.350922554535465,0.3596702505669458,5.401933938487447,581.9144312344464,0.8107041192642889,68.04609689816687,normal
513,0.648568133015897,1565.821735577089,46.708458345551314,12.724686425683053,45.81097213632497,0.3488810133185712,5.226791665388571,,0.8285333633304289,67.40504309109954,normal
514,,1549.2661483849402,47.331241910526224,12.43817053456078,46.500227798393574,0.31586668318080424,5.2464679555666125,588.7140584956755,0.8323300293999355,67.21402256940948,normal
515,0.6710899704365748,1566.2805563734735,47.73451516979753,12.457761805098379,47.23289219799181,0.3249096705514698,5.205382845883476,594.6652198671928,0.8204271298203996,67.12503384695782,normal
516,0.6855446683707785,1553.518132354961,47.630365021342975,13.15323605863922,47.25062006859699,0.3325237649081561,5.412240645903691,626.4934346848767,0.8268706967935221,69.33817144683874,normal
517,0.6495470613657195,1556.0875000489332,47.72250459282134,12.885201550765077,47.06767230882228,0.33522175797963855,5.371886231289125,614.914090185815,0.8282216295178761,67.3740973279046,normal
518,0.7017921624814678,1567.6038575057453,46.96761287921574,12.611561582509415,45.40729692864195,0.3656411807056882,5.3099652941749556,592.3349422096917,0.8179521199453885,71.70571641140839,normal
519,0.7283384954284605,1534.8018334731187,47.428936944019235,12.762570328241981,47.64141842413312,0.364147107618245,,605.3151433417999,0.8077069128100565,68.26824139140264,normal
520,0.6549289217757858,,47.07871085483452,12.354156838226556,46.68141886609543,0.3754930621435197,5.180439341758009,,0.8278482561368544,66.29729775451482,normal
521,0.6619130399152809,1535.669566352233,47.30927753093285,12.87969524872208,45.03845377290806,0.3700941505444682,5.303177974380138,609.3290770356301,0.8278559888152395,67.76914580131319,normal
522,0.7330726048364512,1538.958729117267,46.87762240777827,12.701485159237986,47.02501839736094,0.38246084832791705,5.382952735927124,595.4154253127577,0.8269821934387881,66.39233912737363,normal
523,0.6916557989116523,1578.8418951127742,47.06746300430388,12.929079463170863,46.13938455746904,0.3701692784843999,5.144388742559567,608.5389693124997,0.8231083496913698,69.13004431007563,normal
524,0.7438469346364714,1560.3493344570757,47.01734534842532,13.380024280114643,47.776911950796496,0.3666621416199702,5.320175717782816,629.093222348466,0.805568025276002,64.97937973023113,normal
525,0.6927288165081622,1546.4444311911054,47.45152332312603,12.782284322555647,48.150050746163885,0.3806580507585662,5.439227887757836,606.5388626545775,0.826587227677358,65.17302224021259,normal
526,,1523.2730077042859,47.37774024210449,13.534746270782595,49.57458749106879,0.3822418843950351,5.334823517541759,641.2456930599302,0.8164882218062864,65.8279074476856,normal
527,0.7182932747081309,1529.422431647451,47.274803840506145,12.862550505107508,46.67317834348873,0.3688218997697653,5.446163161910902,608.0745520175607,0.813328020203345,68.68823844429924,normal
528,0.7261615676411255,1534.8144920398456,46.86128190513472,12.942670404214478,47.89582374270576,0.3876428031954653,5.384089998674417,606.5101264171386,0.814690517374447,68.96685682716146,normal
529,0.7693482409942458,1527.6597127700072,47.08601104830016,12.935854766320368,48.70731662795056,0.31905244472138167,5.2753210002955315,609.0978004461671,0.8084498660412798,69.46416371081204,normal
530,0.7154690832203225,1526.7387561467026,47.02007809809256,13.311879114775495,47.608894407087526,0.35614052339166413,5.30060064310968,625.925595609111,0.8268097292488794,68.19168374897698,normal
531,0.7019250846038982,1525.280950703367,47.43444434271653,12.60757193750272,47.382525806141125,0.35504236759706204,5.30390439711997,598.0331693662677,,67.32015199866566,normal
532,0.7204570261984699,1517.4723364339409,47.49632904929307,13.110716922248471,47.64825133258273,0.3859862997122312,5.25063775852948,622.7109250112483,0.8074868264562743,68.2799649143261,normal
533,0.7511554840551006,1492.9041828769011,47.440903452132694,13.148777952229354,49.31622595225579,0.39710832865508316,5.270404551308942,623.7899053452438,0.8124739298112453,64.75271565976905,normal
534,0.6941982200295175,1507.5251751968613,47.033150997812704,12.464771962016297,47.831252598214256,0.3324121701147533,5.428331784342607,586.2575018428146,0.8346219260880868,64.63635103493364,normal
535,0.7637924186587853,1519.4937737392193,46.48098019901269,13.038876168078268,47.362192127537654,0.3954985468172229,5.277983775095389,606.0597449858244,0.8254224089116172,67.66512936957719,normal
536,0.7319120384619574,1483.761951148609,46.74921029503153,13.546036313435165,48.281385550347444,0.3415877791229033,5.419797633302954,633.2665002809142,0.7999401101445134,65.62799249954206,normal
537,0.7858239020575457,1492.992275637087,47.50281100902964,13.457333393801955,49.3374612135424,0.3467972369447967,5.3360086820951835,639.2611648912778,0.8270412916311864,66.65086067298972,normal
538,0.6827814438101178,1487.550377913919,47.129107482098604,12.41654692745237,47.029112378770606,0.3569843410746091,5.2964129618577465,585.1807747004239,0.8320490415723252,67.51007811994647,normal
539,0.7341353846752507,1493.08917078847,47.00023989549169,13.18598913522905,48.61498926459339,0.35970615087265273,5.379025808970294,619.7446526151124,0.8041219548454607,67.17608839827976,normal
540,0.710162840773301,1483.1075340207262,47.6173471443601,12.885400102722667,47.437143488964985,0.33327604113374837,5.269079169604683,,0.7917209783412755,68.74619998540591,normal
541,0.7388940608808976,1504.3265626449102,47.499570067108564,14.319094617747245,47.972560683893136,0.3800323537314824,5.382174451249153,680.1508380932424,0.8146516795648431,68.02375880830188,normal
542,0.7739326862040762,1482.4224038127227,47.1609443467794,13.421454515906095,48.548214482160624,0.3837178427069549,5.197221156589158,632.9684694774785,0.8247211043616102,66.83677508283803,normal
543,0.7638436159329723,1451.356050093178,47.089135635571864,13.129159095871897,46.663363796469035,0.3906954104389454,5.388716163093641,618.2407534465138,0.8297888292266246,66.3616957327402,normal
544,0.7642310359028587,1476.4214215320555,47.12873415498019,13.762963125925376,48.22895419301166,0.361268375442643,5.155994744690874,648.6310303465322,0.8050234616329711,66.92290995497267,normal
545,0.7695613754712594,1449.613713213821,47.213868871947135,12.654823776093243,47.86295884437356,0.36986416482916085,,597.4831903620653,0.8308599040912485,65.87879249395135,normal
546,0.7828341725715253,1446.7871660060882,47.546054740821475,13.413086314516164,47.695651552757596,0.3714010095235157,5.434171566464579,637.7393361533489,0.7902720449778939,66.48717117339069,normal
547,0.748761595759446,1458.1167410122146,47.278500823822064,13.874939814584124,49.187058464055475,0.403335565430909,5.391431337012529,655.986353454297,0.8104493873848274,69.9769851786283,normal
548,0.8023964376886639,1436.9627012752107,47.311066338300684,13.45928018603059,49.416977289386985,0.31747345822815015,5.274985652218571,636.7728977470692,0.8071509404809573,66.91173981211188,normal
549,0.8031309605724414,1452.8795850158301,47.42087197482293,12.898952749767785,49.011308105281415,0.3553701386566721,5.285465893523903,611.6795869560283,0.8226845870246242,67.10315910565264,normal
550,0.7967476266914084,1423.580381827138,46.84082510022563,,48.476770562866164,0.37440108570674496,5.319143336926065,624.3876302709681,0.8243383038752862,65.34849330038101,normal
551,0.8037222571681666,1420.5581815160006,47.31596285504036,14.020739294375522,49.299432543602386,0.353428744515677,5.393682999131472,663.404779652877,0.8204236799928397,67.8286135413853,normal
552,0.7976316739130808,1415.6957550485913,47.05806064568203,13.60798988175706,49.7543555355315,,5.21163405531798,640.3656131215512,0.7975553678602565,67.1424468741238,normal
553,0.8513862571589886,1407.9850973180814,46.45925835462903,13.506544426726302,49.27555676803592,0.3770155783357296,5.410425421382941,627.5040369995521,0.8168742252498646,67.20961832584514,normal
554,0.7891972045430597,1433.1860706212794,46.605573995990035,13.188425809382899,48.822204081535105,0.36170015260294147,5.392531709180894,614.6541549498195,0.8163228029950622,66.61026458331153,normal
555,,1421.8352835555581,46.886864824304936,13.202155290454103,49.43447591478358,0.37601567723812224,,619.0076704930038,,67.51181611728175,normal
556,0.7717956728682738,1434.3505941688175,47.2835093856175,13.452772946336632,46.980718873082225,0.3866085576498392,5.3967947418632125,636.0943158706893,0.7911821130977604,68.49025184530662,normal
557,0.7645474995836699,1438.6686924941898,47.18453499425362,13.752484336274083,48.36133713087197,0.369032299256232,5.367259664443055,648.9045784228492,0.8224694486966707,66.70460602669667,normal
558,0.7591729147469697,1385.0506656390976,47.20605943340334,13.621467277740512,47.975557600867305,0.3645556766154787,5.301933570296573,643.0157938831774,0.8104321877749608,66.2303949568059,normal
559,0.7707120271309181,1396.134003258607,47.63805532319546,13.483209203838133,48.427971117582025,0.37151931187742937,5.198114529553703,642.3138659866592,0.7986792999874626,67.52354585087477,normal
560,0.7960010596894119,1370.9702285006238,46.81239880858356,13.010514511966226,48.59727502831105,0.37700091580721196,5.3810514363482875,609.0533940390269,0.8080598457434542,64.70166640871228,normal
561,0.8087720301347042,1371.562426718961,47.11217908321787,13.08969066329584,49.346895309159315,0.34365683899399607,5.302738428573142,616.6838506731185,0.8130183230658647,64.99358948538642,normal
562,0.8007749351613312,1370.1333092468385,47.201126964267466,13.694373723313573,50.64008997538058,0.3873464509869778,5.3267854699784705,646.3898728102522,0.8088241514831813,65.22391310367807,fault
563,0.7766475932715544,1361.4658283192286,46.95983466376277,12.893307622809026,48.41609834945322,0.3674570706125716,5.394160066738812,605.467594236144,0.7952140640595402,63.48894955362793,normal
564,0.8268674146701824,1353.4325329555677,47.1103917578707,13.587844020638743,49.8209022046163,0.40601729233455625,5.504037063612767,640.1286549571321,0.8269533993029661,66.58326414381175,normal
565,0.8221675769059411,1363.4312495565734,46.70666559411179,13.746297150127914,51.1070737358816,0.3925235832549828,5.383982085284904,642.0437041483164,0.8182498975918714,63.59040762303112,fault
566,0.79519408226342,1345.6210997794417,47.48029126348717,13.081096670266133,48.59408151846053,0.40223787218006213,5.412137024483383,621.0942799500682,0.8060775138638392,64.97453428330915,normal
567,0.7802693986978732,1373.9322410642583,46.96893380370975,13.032465692759637,50.22553023969155,0.35771440346106465,5.241472600436814,612.1210184223457,0.8071014717462838,65.19941356293106,fault
568,0.8160581681681663,1341.0274467015072,47.618139453282275,13.573998796543705,49.430586499884974,0.37366175799417517,5.401391361495068,646.368567632504,0.8117327495253791,65.6599764819899,normal
569,0.8048682388391577,1394.3168508095582,47.11070576039302,13.717330236337258,50.65876663092272,0.3556370366473922,5.3687904381282,,0.7972760538337498,64.83211907396868,fault
570,0.7552844024441011,1345.9871103146966,47.415087787659736,13.616332229513757,48.94924177864645,0.3627075852312868,5.436878822773142,645.6195880083354,0.8141531197227311,65.67364449227573,normal
571,0.7960638028902396,1347.3325360543554,47.11170814452676,13.703196807250913,49.337137060355474,0.4054077798606738,5.3235159072102585,645.5810086302159,0.7954549567129021,65.19809848049407,normal
572,0.8052154672171541,1322.9908478811979,47.1096095580694,13.572668941825421,49.21201606623436,0.41113952600004244,5.353494129605624,639.4031345103306,0.8074742514431678,64.57948482926665,normal
573,0.7694913914740695,1367.9201344499943,46.99945042924501,13.072627557910126,,0.355861032410994,5.432189831986292,614.4063108879792,0.7981549781466605,64.82770304132782,normal
574,,1353.789597839358,47.149468776639694,25.943600149924286,49.2692425221419,0.3724853502730662,5.361972194695984,620.0332648298687,0.7969501894387978,67.10592563629679,normal
575,0.7507254817481971,1342.8492510201654,47.239136135577766,13.04489536745555,49.02661089122736,0.3763823319384093,5.244974004619004,616.2295881376006,0.8269860062606155,62.33952883982122,normal
576,0.8332171383102206,1309.1184520043314,46.897161495317356,13.863380785021537,49.79142268090006,0.3965096006649832,5.595222525235826,650.1532075462345,0.8068713519856332,64.76791197549889,normal
577,0.829210752930198,,47.06475311270672,13.814934357853218,49.484838928377144,0.34957268165259336,5.301666361196876,650.1964748206112,0.8084283729122558,64.81141499154904,normal
578,0.7827175800019807,1312.090542859816,46.980267024321506,12.684442370495997,48.70897431594614,0.34928134138343453,5.349898943347315,595.9184896205196,0.7884400638402971,66.34885054285394,normal
579,0.7995986498256845,1347.531212329016,47.693785888202044,13.246958567083833,50.015781174551115,0.39277626140228505,5.394293139887133,631.79760556838,0.80161468712117,62.77003170775965,fault
580,0.7146813521309404,1342.7382229839777,47.163954002297736,13.435270426406595,48.681757972828805,0.3375014932558365,5.328191768398467,633.6604763994717,0.8163175865246165,65.01500700386727,normal
581,0.7504557169158899,1327.5605095780058,47.54365822669334,13.257315281321034,47.820187247432955,0.370700175619151,5.316311315362145,630.3012667386461,0.8117330055042561,65.57483618096656,normal
582,0.7743842044232639,1286.241692335105,47.088884801882905,12.87845886258323,48.25809043119204,0.3850841488386325,5.333126311952929,606.4322658059697,0.7869298160023306,67.05785246412955,normal
583,0.7489705141698213,1308.8262596181987,47.22252623299283,14.047718296743419,48.647341711891386,0.38841444677078013,5.3109893977718015,663.3687457816594,0.811687073641566,65.77841073860627,normal
584,0.8003901289070207,1328.7238068093645,46.78581059872954,13.52282000783254,50.49977357680273,0.38167224456515453,5.276169357360782,632.6760956471635,0.8105851975200875,62.973918037787705,fault
585,,1332.8362670497822,46.97500734410516,13.885910870364755,50.85446043899734,0.38037929305904344,5.5624672134505975,652.2907651149741,0.817822180813642,63.892681836906746,fault
586,0.7389731528590712,1338.4108233702407,47.217084836819566,13.306783507541699,47.18744115352919,0.3970684854363997,5.304185686711886,628.3075257807878,0.8031879385905155,66.89037519810664,normal
587,0.7466402517152047,1296.7912574427885,47.554401433598834,13.085545065442085,,0.38678646460281346,5.374572797411312,622.2752630194813,0.7868111033821908,63.532230327386806,normal
588,0.7762128172778848,1322.531806231714,47.1893211036493,13.13823912587219,,0.3707997288064209,5.320413273922026,619.9845848473115,0.7976603505338173,65.31190179880831,normal
589,0.8147623502265584,1330.0519671876573,47.44849885899106,14.368024399510244,49.36413930906461,0.38787039173992627,5.3454554704694015,681.7411893261175,0.794604826762205,64.8806198157561,normal
590,0.7269331233147418,1297.0571975946916,47.33259741359451,13.450835890167925,49.28909152258204,0.3880448860313974,5.275587001063211,636.6630000656465,0.8172089230207367,64.30755329378363,normal
591,0.7681486758846359,1318.7949085376913,47.54587601467556,13.63593621414456,47.61770323655507,0.41833540453783014,5.216552106493784,648.3325325817417,0.7804885864769443,69.15975690312605,normal
592,0.8122893789994565,1319.9597352759508,47.088535548812786,13.816054672082267,48.263564460593756,0.40352029924875726,5.358254959160851,650.5777815706867,0.8008402483508857,64.39260352236357,normal
593,0.7049719339126417,1320.5865435979367,47.78628872269297,12.62053874036886,46.972439644478,0.4037914773199968,5.2630882151214005,603.0887080831982,0.8248225356881805,66.04232547835767,normal
594,0.7128703541228735,1297.5338098782813,47.06064824395482,13.467476957901383,48.01564329663949,0.36821197581668125,5.394566071006114,633.7881958493638,0.8101166803166882,64.16070998286138,normal
595,0.7352773950108036,1319.676523258766,46.972039189245116,12.860938248351202,48.69406569064369,0.37202493881354576,5.220459418143337,604.1044954120141,0.817762267552175,65.8385622365195,normal
596,0.7289586175167329,1321.382796552049,46.86577944318904,13.218523435579062,48.442022870696675,0.37758740480779773,5.265266897757074,619.4964038964738,0.7925719506760587,66.35504376933463,normal
597,0.7654546297702427,1322.5610927305831,47.72143499951953,,49.69788094952508,0.38263514263651255,5.264777031855807,609.2029489568015,0.7910201340132862,63.720586000165596,normal
598,0.7447385356902773,1319.5792227235918,47.35969658586997,12.502254052611862,46.98231474168339,0.36398071881175814,5.437219823518317,592.102958571161,0.8223231541742555,65.45519359291374,normal
599,0.6805661092747988,1328.2915331210445,47.12222543632433,12.94417305530966,48.19668905584871,0.4046180063106515,5.207010406575378,609.9582407990969,0.812046400320605,63.47572507417074,normal
600,0.7455198801184477,1331.0934119145245,47.465631263034375,,,0.4024545781271203,5.366681097989611,614.2318520720221,0.8086941974893969,63.09700664229738,normal
601,0.7088927166316515,1343.3784385647089,47.3541833517064,12.309024213639034,48.357774772568085,0.3760357249919081,5.373337402500456,582.8837894932566,0.7981861795070306,66.49578842830401,normal
602,0.7605347322880254,1330.3367494685738,47.63206154656727,13.505549326098244,,0.3994067663756627,,643.2971567209116,0.8076683200412396,64.10524630432548,normal
603,0.6994796878728652,1336.1024974860138,46.80199849189204,13.693285045979028,47.623790731812576,0.386438043027187,5.178323261736018,640.8731060709583,0.7981287750355496,61.3987714697485,normal
604,0.6951409154389306,1346.6021700416777,47.12567067676712,13.412821274546113,47.73908437043535,0.39632142751596044,5.17596508106362,632.0881982305959,0.8215486895761592,67.52437803726029,normal
605,0.7263339863321032,1316.6888550017295,47.051008886966954,13.024823392094588,49.04448414360962,0.35782608102321156,5.375380053230837,612.8310811726175,0.8352735343875811,63.56035266542192,normal
606,0.728779687614201,1355.397849327012,46.67084498864635,13.133905759509537,46.90404252217208,0.3822865680572808,5.207129786097846,612.970479797559,0.8125872485079032,64.81119368205876,normal
607,0.7150605502120194,1352.4163001330187,47.43990575468669,13.360443310162331,47.95824406941658,0.3832333978958765,5.3294024289623145,633.8181714749353,0.801959226733199,67.2890869105464,normal
608,0.6467118182492156,1361.7175146019608,47.16148678593269,13.033649577988804,45.84351690591412,0.39169102181413856,5.259010505146421,614.6862923447961,0.7862644396274634,65.15268017623436,normal
609,0.7090221427759192,1373.917173830351,47.36372845233032,12.89578025915326,48.24602809924476,0.37192616368533665,5.323316790931562,,,64.5284629287505,normal
610,0.6573951921650758,1337.8469732307074,47.80964818097628,12.719469300116241,47.5424596656175,0.3306580551034013,5.294400500043975,608.1133522872861,,63.44323267147743,normal
611,0.6909707788074594,1338.4769556806202,47.104116790944595,13.015426844369975,48.56312347359161,0.36200063208771893,5.205149351969754,613.0801861611988,0.7987208437111532,62.24711093810135,normal
612,0.6366360815641506,1380.292205916092,47.13019021185336,12.779311233175573,46.13567944932853,0.378358800872632,5.163432860988905,602.2913691960391,0.8078960439356196,65.01795895515437,normal
613,0.6881238082299768,1375.829884800947,47.22353730443751,12.84905516890444,48.24060356488077,0.38526837315512036,5.33437708336141,606.7778360955344,0.8154581619114406,65.0958082077416,normal
614,0.64587549944485,1385.8500708137217,47.47406473310198,12.60136327765901,,0.41457769631968067,5.196927916295851,598.237935968918,0.8257151113449784,64.86777283907479,normal
615,,1381.9693065294568,47.10034605894517,13.01367221191959,45.09869603106348,0.3913307291457742,5.013640114167127,612.9484646790911,0.8097205170483689,64.66539335315788,normal
616,0.6820382754436124,1398.6371079068253,47.03974824641712,13.286204100351547,47.90417957296287,0.3860101813815867,5.323822629485274,624.9796960310516,0.8047871973476728,64.58939999993208,normal
617,0.6630897948185374,1408.4505316707132,47.476527733582074,12.917525713984165,47.84838027222648,0.3825077817362596,5.175423754828726,613.2792678092288,0.8103723961071492,61.818766302809486,normal
618,0.6326030444762479,1408.516867035271,47.33086263307659,13.170450728271268,46.334168937500884,0.40309224481283645,5.27402119152426,623.3687942355109,0.80477904091922,65.52522853015599,normal
619,,1397.2105807282119,46.6789199849432,12.777385608850906,46.60875555615477,0.3740666517756508,5.387715727983082,596.4345604523162,0.8023368892213758,65.19772453247542,normal
620,0.628073923740467,1378.9425301539798,46.93264412048146,13.112130621439734,47.230671045393784,0.378424391605643,5.234153710672176,615.3869601172985,0.8151504677906507,67.66547954868925,normal
621,0.6373520653423058,1425.9210283240377,47.60646150884559,12.79089021180337,45.692046210862586,0.3604790662107736,5.318635068402805,608.929022532087,0.8122955704600203,65.2921667380831,normal
622,0.6395288354517101,1437.1565387235346,47.32947618339249,13.760180612532906,,0.41110840112113545,5.252467744046417,651.2621405800552,0.8315247655882464,63.17338315045084,normal
623,0.6079243885247687,1435.6976107336523,47.06331167322654,12.009577156357732,46.10653641108975,0.38834381305804383,,565.2104727733257,0.8160523187818174,64.7992155474725,normal
624,0.6356848192618867,1415.3245672519604,47.188632882908934,12.353488619413683,47.219094135533375,0.36885611278183944,5.151837326884504,582.9442392847059,0.8216621603060008,64.17654384096477,normal
625,0.6005700554511779,1446.1791014571895,47.262219262288184,12.531901157231138,45.52163298153703,0.37820020731563303,5.211234751141472,592.285460266381,0.801068486994822,65.72559994157893,normal
626,0.5992370136291927,1453.8559834501916,47.443492853436915,12.517606627507128,45.45961680885868,0.39086758936530336,5.264478137359933,593.878980574269,0.8169744594999108,65.0019510339235,normal
627,0.6474707389444246,1465.258570886455,46.88098967022151,13.351776747852576,46.96296348217527,0.37981080379688825,5.228822264773688,625.9445077951804,0.8019562826142912,62.67995217981537,normal
628,0.5703750551818144,1439.699440643442,47.071577767100194,11.973973904196265,46.309561457103236,0.36826002484101034,5.281932135090092,,0.8168703086478531,62.375493145778194,normal
629,0.5242094084900348,1457.9370760340014,47.38656949365859,12.248883687278733,46.51176771864757,0.36246262174517085,5.122541888169986,580.4325780669748,0.8219841000770804,65.17999673582841,normal
630,0.6399232393065887,1468.0801903256818,47.200383830987164,13.03455828480934,45.56701199656963,0.3918763498399415,5.403320813689961,615.2361541103745,0.8096868467415745,66.87923214285424,normal
631,0.6630825318432537,1460.66093621937,47.34936282356239,13.014529772203305,47.45047811985153,0.3800806795987762,5.423424815334309,616.229692162109,0.8319783466359298,64.42371668977894,normal
632,0.5694605519909837,1455.2904970175152,46.97350174826664,11.87107347467439,44.65212113086361,0.37096876202449075,5.210345777451338,557.6258906164192,0.8267408818513353,66.40785233937859,normal
633,0.5185409131832175,1487.075926088293,47.41047946354211,12.395870985875721,45.428184931446296,0.34954102043895374,5.196010753673303,587.6941868085784,0.8266544151753854,66.61653183981943,normal
634,0.5623735550190989,1490.7269554710513,47.55861007167146,12.59766602354788,44.659628135649015,,5.2774856120372355,599.1274862270576,0.8202080874254558,65.44230138022381,normal
635,0.5581610997448777,1488.3571780315112,47.410371753655305,12.353233190404238,44.803261287584206,0.37639122153903143,5.0838937752351345,585.6713779166582,0.8302843521892225,63.789874376092435,normal
636,0.5561305684944944,1495.0969599592609,47.324652462630205,12.203968154033888,44.84335389594161,0.37371219076693707,5.072154582768247,577.5485515546604,0.7982574733462044,65.28478720662868,normal
637,0.5235309940326998,1495.0755103799825,47.29156627243927,12.017237862790962,44.67535937547431,0.3818045152575446,5.254474783577039,568.3140007998452,0.8278348719703476,66.75890317818266,normal
638,0.5694507368308832,1521.9363174001987,47.06967157647085,12.187312031316196,45.82977225787406,0.3967546363112804,5.20769055691421,573.6527747140252,0.8017985062769928,65.24801384553822,normal
639,0.5629603495819197,1491.1780960313968,47.265160012174476,12.401453074630068,45.84968860836219,0.3955985794403921,5.162774176988927,586.1566639558632,0.8062669733152242,65.54962859270827,normal
640,0.49758716807240777,1505.4360864257974,,11.79708742965076,44.289736472927586,0.3876838954237545,5.13568962249836,562.1308344405643,0.8206678437684392,64.23555333619728,normal
641,0.5586254330017354,1513.76871087179,47.25603643854158,11.856687121858005,44.33746674421889,0.37699089095232846,4.986309614586485,560.3000386709085,0.8242091034829188,64.66787602100709,normal
642,0.5944992419066645,1528.0661674628532,47.03422650655208,12.003157683506794,46.63767732627787,0.37362614444354986,5.186726002109715,564.5592372799196,0.7984223408122008,64.10097949923355,normal
643,0.5333885874524281,1501.358051889084,47.18208724108273,11.741539186228175,44.92142997849268,0.35949085590452445,5.098616178670066,553.9903262292094,0.8077630868214103,64.80082898193291,normal
644,0.513465961701143,1509.6995788963686,47.37088267401561,11.964213447926523,45.54291776148137,0.3672041384490462,5.2180261991260455,566.7553515286071,0.8147348833572203,66.35242987201009,normal
645,0.5147293156546107,1502.515929786015,47.225863903060166,11.885863786538144,44.078419560617725,0.3798532487397541,5.2247336671322016,561.3201855533617,0.8117076306340322,61.388697390924,normal
646,0.5329014395999685,1535.828610957754,47.425613509786395,12.080952443149123,43.69822931690696,0.36548020424453914,5.203652499010838,572.9465813989,0.8210779008425286,65.15511587688522,normal
647,0.45803138280942407,1528.1385591130295,47.49447766046182,11.732897414031378,43.61350755798114,0.3774293748416315,5.13641212108821,557.2478341232035,0.8505152549760046,64.89069602687745,normal
648,0.5104473238096258,1538.4065070361908,47.54366274839708,11.653797181755989,45.62931773232828,0.36068428370599903,5.021345236644013,554.0642029476271,0.8176032845978635,62.45271556254069,normal
649,0.4894248056547879,1559.09612184584,47.69370782170756,12.261456498354185,44.351244247776265,0.34538368795664626,5.173335048890212,584.794323701082,0.8069841347851788,65.99425391845477,normal
650,0.5522583810250595,1537.703202763805,47.536098760259705,12.033029144723773,45.20209933937968,0.4003102441086418,5.220085329548737,572.0032618086726,0.7981042328383539,63.17599283646546,normal
651,0.48734783699225176,1559.0196063449912,47.10508573417738,11.586816267855461,43.50550805557111,0.3695328961863418,5.223577914042614,545.7979736834926,0.8109371999569834,64.45319932638034,normal
652,,1549.8539883688481,47.07148220472464,12.215071960634662,46.53574919412297,0.36665869192083655,5.32884051135153,574.9815424244454,0.8021082191248081,66.84665146210588,normal
653,0.4511636044462618,1574.1308769699424,47.34781598877924,10.881133831492667,42.7434679751007,0.35483332651390564,4.962561462387622,515.1979224027951,0.820424240132804,66.79153537125178,normal
654,0.49785220386303636,1570.0048887499302,47.216197124872444,11.528607983957015,43.83556971797751,0.38919798671274186,5.09923657847285,544.3370271458926,0.8178094243465087,65.5065665087134,normal
655,0.48584988983534605,1555.8587329478598,47.05359411948573,12.077907679271481,44.66421111201854,0.40756714625021534,5.062198162387528,568.3089657530601,0.8091325373912568,64.79126481495649,normal
656,0.446307246094467,1569.1028123713327,47.258969953496944,10.890429704647774,42.01993989947571,0.3691360132264003,5.107366606469544,514.6704901926198,0.8354657975078436,65.04461881478149,normal
657,0.47389108775935906,1587.1417545155443,47.228280581125034,12.056432441270916,45.029278417227914,0.37538484021140034,5.11361325787882,569.4045741437211,0.8067574778408175,67.30872158280526,normal
658,0.5012174501840826,1577.084858132005,47.15666877547123,12.359388487653796,45.00917518351139,0.40360676342134877,5.112609385729486,582.8275891796624,0.8114262179794539,65.26397172385207,normal
659,0.4514852841316587,1555.9150311956153,47.285052057536234,11.404039367410688,44.34236684421241,0.34227854917714456,5.1783981729085085,539.240595154207,0.8213736593664104,63.59787262899342,normal
660,0.40688405205108247,1591.7977580926079,,11.3691268543002,43.274993702442515,0.4145486474810555,4.976522213302762,542.2377277035731,0.8260075389956947,62.33490424622077,normal
661,0.4536489115316441,1563.2958673170103,47.41124400911034,11.940513064817667,43.54970903313745,0.4281263793527119,5.013747423099425,566.1145785100404,,65.06508721985567,fault
662,0.4237271036624972,1604.3038491809698,48.00290719992874,11.20717656462514,42.29783662090319,0.3230157880131886,4.9938202419518,537.9770566049168,0.8202795937602687,65.31828198394683,normal
663,0.43724681379716906,1598.36624281431,47.41634919513356,11.756643515968012,43.2879903020413,0.3765659607589663,5.056062242397051,,0.8257026662179381,62.50403994954383,normal
664,0.44188195120258666,1587.7636652191234,47.29708058104153,11.247081872456066,42.71163436248632,0.36479980561728104,4.989512216959187,531.954137623126,0.8081855963659632,65.52817147903669,normal
665,0.39006984909125597,1590.510277589583,47.41166291270014,11.005201577952649,42.95647010551522,0.37003025259260863,5.047311632307476,521.7749075002066,0.8264829985417683,64.337266198797,normal
666,0.3897787168680699,1585.4400790292334,47.47456857824737,10.89209886730185,43.216069625444895,0.3672266059654674,5.037420731941933,517.0976946367722,0.8262389227974433,65.45216265209997,normal
667,0.4498206130322798,1594.158970771889,47.470808541819395,11.65329556905448,44.8411870804904,0.39692475094544727,5.029434454364638,553.1913628398175,0.8291932989816595,64.56446419683289,normal
668,0.4168900835109602,1581.070860419718,47.90710029342997,11.74232608314177,43.37274504016001,0.37609563839973215,5.13887198180135,562.5407933432315,0.79890149453436,63.56743236261685,normal
669,0.35294698784319395,1595.1065593854612,47.22732980807655,10.890189857031666,42.67235577454372,0.35530535452660894,5.019116860903694,514.3145880506045,0.8095860738304785,65.77634359974506,normal
670,0.45085862653666287,1596.4524579642457,47.57467511373212,11.098413051999593,43.46572947953554,0.3782046366051206,5.1770932280318185,528.0033952268848,0.8218686284919441,63.629821468537,normal
671,0.43301630900016036,1575.8160100200455,47.42570808844194,11.05860000748498,43.00800212682569,0.3908085490922885,5.063654217194583,524.4619358218245,0.7878905856227376,63.734652196139784,normal
672,0.4010703485626046,1576.8079845116551,47.00613575756731,11.385232472675167,43.202874345579325,0.35457467088766764,,535.1757832420326,0.8207964859277683,63.787786263496294,normal
673,0.38073400399460494,1568.825398365186,47.60743695020958,,42.157044616098,,4.996970776726941,560.4250546661868,0.8273661814140538,66.6518949004052,normal
674,0.4431778090880051,1564.6538880156006,47.681296086633665,11.640073273178812,43.8139003205845,0.42205637015158665,5.084806698081233,555.01378020855,0.8077570901810212,63.38379141974643,fault
675,0.42656243209400246,1553.2141871693977,47.16297138290504,11.268414511262266,42.45886143573163,0.3683156603061288,5.130384550576048,531.4519111253742,0.809924607251562,66.67056112440012,normal
676,0.48565326593364844,1585.3665897467524,47.327342335626206,12.027788737961123,43.6744883339022,0.38343631079401613,5.081529279848827,569.2432751420755,0.8004054878347552,66.77227939298604,normal
677,0.4249902739035442,1604.7310130754233,46.94635061654288,11.313072917462986,43.80452434772563,0.3736663329784242,5.113111269669365,531.107487733733,0.8088394354578007,62.998931408308025,normal
678,0.42234238217621867,1597.335627483693,47.064688866327096,11.249861306012367,43.96622719971366,0.39266407376332996,5.00443142023102,529.4712221568043,0.8091365119683188,59.4958333671749,normal
679,0.40414842131508805,1550.990944396762,47.65553603016292,10.93888772246516,42.149199192284726,0.415994511199555,5.117105838410879,521.2985579878452,0.8080183780327932,65.77336456437233,normal
680,0.4322237776401123,1581.807685260221,47.25404721001824,11.937008685430316,43.987912273283285,0.3946753280032592,5.02930846506888,564.071971967722,0.8059411369298075,63.283390952202275,normal
681,0.42515746849479397,1590.4616492144298,47.09868662592337,10.514182006484146,42.906379005403835,0.35243595341118567,5.138555293367649,495.204163451319,0.8108360820624898,63.13025316315117,normal
682,0.44276206417548764,1558.3344144073935,47.41875177004945,11.789034114324982,43.670994690614435,0.3568210654012079,5.087288632537718,559.021282275821,0.8097097527172332,63.25279902964261,normal
683,0.3884977650337189,1568.3533467319098,47.27377799621201,11.023137913682934,43.82292898130452,0.37247500442843606,5.165768187072286,521.1053745530746,0.8338702255759488,63.31365266490443,normal
684,0.3901247747953524,1533.7303685078057,47.284957067638096,11.052842487009256,43.3729896951694,0.37551170665017725,4.952571765791022,522.6331824735989,0.8109806004045419,65.96316020856693,normal
685,0.3879864519662413,1565.0160886786139,47.588787632585515,11.777193153219333,43.33354797101443,0.34655818934851906,4.924972604703246,560.462343876495,0.8183457658855415,64.47150709466861,normal
686,0.42537966568849184,1538.918142479848,47.08319120127692,11.16054729117703,44.905300797932405,0.4006674001656574,5.01961100515294,525.4741820213812,0.8071406691192028,65.2234476537483,normal
687,0.4460268730063738,1552.920012370843,47.130348457807266,11.297603255979842,43.195155053618514,0.364497857114907,,532.4599781923879,0.8058560764061126,64.81258896271028,normal
688,0.38685477199720175,1527.8099826591833,47.442130425643796,11.136207912748365,41.91280101186885,0.4116484413592554,4.930654945007249,528.3254282436944,0.7975418295841148,63.58572324394315,normal
689,0.3875457279702525,1555.7529299672783,47.64499309633671,11.332089259778233,42.144580666764575,0.41854224846363614,5.091147855236651,539.9173145492053,0.798712220431133,63.3101581792575,normal
690,0.40950502244425047,1557.5325445858273,47.694196274264435,11.16559996032088,125.96692287580925,0.3792131793497355,5.056127385715861,532.5343160274633,0.8011328311354694,64.79023730334549,normal
691,0.3926285684532118,1527.9589498334176,47.231474917815916,10.66939117702504,40.94680968734648,0.3918994964163971,5.0059400819160205,503.9310817660246,0.8157585007256074,65.6404237532863,normal
692,0.42860672337959443,1515.8524617069397,47.602885051516644,11.134367411497722,43.32045466166708,0.36165126148539745,5.038208649373608,530.028012010879,0.8227592569309888,65.40567573249662,normal
693,0.3326604606936968,1504.2120634606365,47.248845232389364,11.311402090988983,,0.3913799413667293,4.953890648789021,534.4506867584639,0.798803083989938,63.84768043761778,normal
694,0.375706153516177,1524.9819073988854,47.86657957404721,11.148632316894158,43.177875374540534,0.37267813171919556,5.163497568993603,533.6468959384085,0.8089015723507365,64.0694723278321,normal
695,0.37745301685691107,1515.8893662945263,47.12476997611451,11.292073212572916,42.87258688753318,0.361328932748312,4.973516771952364,532.1363526959431,0.8005109858501399,64.8359133024839,normal
696,0.331857443534289,1500.682860420757,47.77639187964698,,41.29771404587213,0.37393120347414716,4.894336004048522,514.5695536545488,0.8136917964148942,63.72635784389353,normal
697,0.3732256635649954,1523.0404217563444,47.246639060041325,10.88050643493533,43.00320826850027,0.37400431059849354,5.092414907972802,514.0673603218465,0.8248987470382212,62.05847121581771,normal
698,0.3754704857095182,1504.8486900454989,47.911859328550555,11.713199911454954,43.15859712224002,0.37728757840302496,5.01270817286445,561.2011864448206,0.8094348827242992,62.44940087541674,normal
699,0.3978055471923643,1489.1414840749712,47.53809283370026,11.195444865463203,42.37552143280874,0.4048630793629924,5.208371449532913,532.2100973289627,0.812186679690695,63.28238201830386,normal
700,0.43826377565617636,1489.1290064598434,47.10347492218555,11.350132970914908,43.3325270562542,0.3736918976559929,5.031160251905835,534.6307037589617,0.82506611769988,64.5703226650849,normal
701,0.3986810383481707,1512.0385000034032,47.258168610319906,11.652716875661183,41.24250692290729,0.42122380044448215,5.112893909931518,550.6860588783163,0.8169468756528916,65.68303802481502,fault
702,0.3763877284032001,1502.1065957416517,47.60144116528896,10.883732104698852,41.75733019765041,0.3585305929218373,5.115852033694655,518.081333440589,0.8057565090333484,62.07840865361939,normal
703,0.407003209542604,1483.9359842896174,47.64439756929691,11.113347589353406,42.595301472885886,0.420081539458006,5.008666606125347,529.4887508729412,,62.443471998472624,fault
704,0.44170630905961566,1487.6402639695414,47.33537807316982,11.534558138717736,43.88160613738542,0.3705108794425987,5.014898369587907,545.992670403162,0.8015657999375835,62.784178662052376,normal
705,0.3825901899552885,1460.8909589278992,47.41109742244678,11.177620663652169,42.0102171923045,0.38638344762659155,5.091926458779288,529.9432622355672,0.8168768118806382,64.91829310166581,normal
706,0.3863071377229985,1473.7002369515167,47.58613053797428,11.291942828129136,42.431007089541495,0.37718905575411765,5.080876741832541,,0.8175144416520757,62.852178923438046,normal
707,0.43225276151383674,1466.9496835513626,47.392318373354804,12.210087822931907,42.69686564571943,0.38408596442112547,,578.6643694710116,0.796267057663277,62.8356223954164,normal
708,0.41083742656983907,1454.6074285625577,47.05270780554422,11.468449560738279,,0.4055663657084112,4.961114517002266,539.6216061640403,0.8126358113357746,60.939191853719606,normal
709,0.43900933493425637,1461.1437630396113,47.149885973348766,10.68872628027412,44.156000755360274,0.42208141951996725,4.8678616920231095,503.972225315261,0.8081748849101921,63.40524571312701,fault
710,0.42138942826117043,1439.5420687878682,,11.530781399934874,43.828503321882295,0.4147776950655945,5.105739494723309,546.8540923322146,,62.565524160456924,normal
711,0.4451741491890656,1452.2442548551724,47.65123420387243,11.573794135908006,43.9529652089424,0.38506476191881367,5.053478064260886,551.5055749975577,0.817105638780513,61.997729126444824,normal
712,0.3955072206816645,1452.1309897739873,47.79067573441595,11.278993117850696,41.8245534766535,0.39316554865808706,5.026351744735757,539.0307027059117,0.815924906483393,63.13405307546982,normal
713,0.42874074356244624,1392.759042716891,47.55455865108519,11.550519347436483,43.16799263816405,0.37678947849202876,4.926938105271392,549.2798497581624,0.8063316965107659,64.91260198547141,normal
714,0.42543310652355326,1450.00434065359,47.433728081604045,11.43580560876373,43.28691304829311,0.3726273286757281,4.971756487570384,542.4428936401812,0.8187372078516033,61.6832084530927,normal
715,0.39803275149368095,1384.0500959741105,47.570612132685994,11.264277689236737,42.80525602884334,0.3676321983351963,5.001854102948428,535.8485849095492,0.8019181933778099,62.08331652498252,normal
716,,1416.6135512857527,47.22235874426981,11.453097364189107,43.05998431642463,0.38149317925406134,4.980673198015795,540.8422724647891,0.7976969225667747,65.00768731671728,normal
717,0.46090178652191627,1431.1523691988357,47.29397166474627,11.472679938028353,45.41664857472417,0.40116367172220224,5.092858803829437,542.5885999078159,0.7753022940368033,62.34941667781841,normal
718,0.4328612707734409,1408.884713896574,47.14826212289625,11.163725947617309,44.42950344707212,0.3559839245719328,5.110147395551854,526.3502772464392,0.807830672898919,63.868776103862025,normal
719,0.4158798368175839,,47.0552772835404,12.453102112309162,42.6924867254097,0.3922265489238164,5.232818335852238,585.9841729349503,0.8010405854656044,63.66874585299259,normal
720,0.4469171825379648,1387.625853348744,47.42560329837159,11.331703615425624,44.59223575606246,0.42624902304899015,5.07104049856843,537.4128803598987,0.8115566230817286,62.14182066485218,fault
721,0.48699129026151317,1412.1268878626984,47.3561180717514,11.85899942898682,45.29142957255125,0.4218645804823034,5.189592338082358,561.5961771719324,0.7857379947408093,61.468500217663376,fault
722,0.3881685390922579,1371.8067689263444,47.56029405298939,10.708782857339328,42.36386446258046,0.3801087674016847,4.964452765714956,509.31286164467036,0.8037945164771761,64.42141097525436,normal
723,0.4152210898289884,1411.5095073776363,47.50284983481738,11.436594237369533,44.183097375880855,0.3663311047304381,4.915458056848236,543.2708186795028,0.8134912692544348,64.4528392281315,normal
724,0.43605065363204193,1388.3067691825372,47.40990227970431,11.195429774714036,43.758975761040894,0.4054234440745721,5.035516713628805,530.7742315984844,0.7973236262886028,64.12092367414408,normal
725,0.5112747690384715,1361.5760224147296,47.42779907178911,11.819788922431824,,0.35618811209857737,4.988206377377391,560.5865740840553,0.8078282452143551,60.97231150317361,normal
726,0.47970201473047047,1369.7150282848224,47.30281532058077,12.15224160213666,45.05384431641782,0.42250584900067834,5.094763428822472,574.8352402369491,0.7996189852394017,63.868505889377005,fault
727,0.4981094052176555,1358.3378212620448,47.401566016875016,12.063367703507652,45.202924907938694,0.3977955186892722,5.0437048074864945,571.8225205836559,0.8038156543143782,61.49800395385529,normal
728,0.44482860794495627,1387.5975210552758,47.1590146910375,11.778673947075761,43.89649927835947,0.43472272040160653,4.912169257073146,555.4706577110865,0.812634253086437,60.96968161151586,fault
729,0.4494665069407216,1382.1086973021547,47.42884993974378,10.98888735654746,44.1405013792149,0.3642203461231279,5.2103058976365775,521.1902894384372,,62.30986174415786,normal
730,0.5005792307093102,1338.2836670959607,47.462220686462146,12.559649744571743,44.52356477549502,0.4215035081652384,5.0638642442145585,596.108867921532,0.8045698574901676,63.20817063446899,fault
731,0.4930558159588844,1355.8102890262658,47.13329762574445,11.455688530334827,45.45985637970545,0.4008204436697012,4.97025963535937,539.9443770080984,0.7957558969121508,62.6275602998454,normal
732,,1344.7499140635123,47.29810328878687,12.52276210079294,45.286335104900736,0.39801709015601644,5.186050552969888,592.3028953042101,0.7982432754495125,61.47907662407905,normal
733,0.4942041335639598,1376.0352782267544,47.143064672914136,12.239779332959348,45.14226133585698,0.37610943636002314,5.043116630229744,577.0207086759003,0.8099579291044647,63.307947410764754,normal
734,0.5125371566275195,1332.5918322534842,47.152255193563114,12.19555462040727,45.63315049895521,0.41717981556852257,5.201118566729846,575.0479036884814,0.7923340842320465,61.75621870649574,normal
735,0.5133548752764222,1374.6884935629391,,11.700400841893561,44.44682768712095,0.4191449325466752,5.055472528971795,549.9373067775444,,60.99795555227884,normal
736,0.5364198972581684,1346.3008569811764,47.58038537812231,12.19234313532425,45.07858044039744,0.4434618525739329,5.086684164569452,580.1163850410319,0.7972434335446361,60.382107647455406,fault
737,0.5418270147739218,1327.135549698555,47.52562023231959,12.008157943541683,44.13171968906332,0.4286447811180246,5.160993887466882,570.6951541144738,,62.43291664307934,fault
738,0.47360198405316384,1338.239631539099,47.447720412594535,11.775045145505135,45.1317587941446,0.3914397767489749,5.132773768317731,558.6990499096062,0.7939001363889181,61.66222508365778,normal
739,0.45941008842153325,1336.0679060832254,47.81734743935047,11.593525673543999,43.463083130555155,0.38239698993014626,5.136526978563722,,0.7860580086873278,60.266497958394424,normal
740,0.5615562382356226,1319.5435368660553,47.19485309319268,11.581595228343586,46.38587789769234,0.3835680148421135,5.139037682005205,546.5916853864968,0.8045524666247962,62.685100306188495,normal
741,0.5718541681759178,1338.1899330511726,47.991449762981716,12.75077198066575,46.770315732222414,0.4415180747455117,5.195381250443339,611.9280329493552,0.8083463539495268,60.085822701567665,fault
742,0.5103621227789811,1322.3846617370264,,11.962058793182695,45.85689088980957,0.39186264844034746,5.169364158152205,564.9130523315542,0.783732788155961,63.83649458715891,normal
743,0.4899810342248231,1309.0342531269685,47.36197197594697,11.699730669359685,44.05327577722151,0.4356921543459357,5.111159027352984,554.1223160883407,0.8062377495143681,59.50508763148162,fault
744,0.5535763122828918,1330.4533145620949,47.14743592289798,12.056118988578909,46.11741530239267,0.4219685299533339,5.127883930504354,568.4150974928576,0.8100754488971096,60.79986585972439,fault
745,0.583390455774524,1306.408103998136,47.315693462426324,12.557830275282935,48.05076379995445,0.4207421881722398,5.044209272808364,594.1824478584641,0.8035869187881548,59.421577420137034,fault
746,0.614281018720588,1319.5766846206031,47.406386339847465,12.306149125363333,48.65036162391049,0.4107699192497771,5.229056583928713,583.3900597927502,0.7917914741329231,58.87911797792901,normal
747,0.5807547622441891,1319.976022438654,47.195407500615275,11.629745901977534,47.47363602213907,0.42773055316785363,5.1606945564413405,548.8705969724402,0.7880744207924515,59.80020730005054,fault
748,0.5590486939395893,1322.544035461792,47.68501440112315,12.432567411274194,46.57140311205942,0.412763104111642,5.108703533165986,592.8471560495443,0.7992793644451444,63.54746326172341,normal
749,0.5483592598538309,1366.9365397007857,47.30875629359223,12.408872467457082,45.31325395995403,0.4051250087370787,5.236197895238559,587.0483234411936,0.8013568016908567,61.516025619421576,normal
750,0.5804652293703499,1335.8451602667722,47.29048852916972,12.351202139169581,47.27848410621017,0.42928975778567785,5.04189046283694,584.0943830838556,0.7981066234845762,59.301330277346786,fault
751,0.5761246849188216,1339.8618433734628,46.99867318039648,11.994515047316526,46.50738030634198,0.41243488623710645,5.284268066240339,563.7262926661772,0.7954391250408733,58.08292883989212,normal
752,0.559640834652462,1311.8774006189112,47.34331743869711,12.329756433881569,46.79385088833289,0.39832083475038116,5.139090992191154,583.7315727910732,0.7871130423605948,58.24160788067948,normal
753,0.6565519787717904,1322.1711290113963,47.12723993538323,12.368760572911981,47.59189438195048,0.4343288672888545,,582.9055472229311,0.7971957810553997,59.46228868313609,fault
754,0.6536438677514932,1336.8376246155633,47.010596282889,12.505618569394716,47.91581694076453,0.42111187971038383,5.174404225803239,587.8965858336148,0.7976977443839167,59.295819563596,fault
755,0.639169727132514,1320.97547929967,46.979699911502934,12.516811199280511,47.93328707152562,0.4313037717335303,5.062176412187724,588.0360339911375,0.7955960234718026,59.794308312545034,fault
756,0.5824590256270884,1356.2586211544847,47.88671090550506,12.735920985371905,46.98653931313155,0.4082034281357939,5.144342350915744,609.8813663418596,0.797408169489625,57.161744755049355,normal
757,0.6407250857180824,1321.8705556242182,47.10587088576985,12.664475880988352,48.241624376712195,,5.22274336606534,596.5711656857837,0.8100523206582791,60.10799782511993,normal
758,0.6392438456263553,1337.842728666321,46.80826182101419,12.627000071504593,47.364968179442634,0.45710871000297937,5.248691329819129,591.0479253609519,0.7869649956861259,61.54846221860549,fault
759,0.6382994356642764,1335.7024488542875,46.99829132506755,13.463480278783265,46.74503750962661,0.4535558160959365,5.17775593991557,632.7605683915575,0.8059452507509858,62.626340786638515,fault
760,0.6674653999439037,1347.071292389697,47.13620494452945,13.078946600618588,49.652820743837545,0.44292447417321185,5.038277972147281,616.4919074253146,0.7842072526166749,56.533934466341286,fault
761,0.6539702175373993,1338.6884544998366,47.29614279429935,12.994512753365147,50.10982304738895,0.41670485657290424,5.080568012849686,614.590330725502,0.8031866579052381,58.21697980660158,fault
762,0.6620213346189697,1346.3570176131498,47.29131725873281,12.796027158900756,48.62961667217008,0.4193907101086314,5.3733646609316725,605.1409800229371,0.8039031675688562,58.531102245784595,normal
763,0.6638150335383043,1349.6582485202932,47.31991979293167,12.728705572102408,47.25311329154175,0.45347902432826637,5.122722190229589,602.3213267397284,0.7884241908345205,60.142088686472526,fault
764,0.6597905838366551,1345.5795046722785,46.99235362391104,12.14929774609483,47.629651062791496,0.41872582860779434,5.321138299456554,570.9240959666736,0.8080404516406856,58.2297210852645,normal
765,0.6008865266020922,1371.802193759498,47.28538504305493,12.901425885402144,47.603568464854085,0.40873089397836904,5.0906809523970304,610.0488905956763,0.7989412785757217,62.64136792409209,normal
766,0.6616975166955809,1366.594698889634,46.93219425989863,13.08539207934001,49.37210500421077,0.46398349735046057,5.193045500334866,614.1261630345242,0.782312541538636,59.18148397725318,fault
767,0.6472601583614856,1366.3370740894356,47.00743125266156,12.780402477231458,47.077367840788185,0.42472217146366387,5.247218871704435,600.7738908298033,0.7879404636693098,59.90480159940317,fault
768,0.6302677570347784,1366.1900891696705,46.94609166167288,12.694377863788667,47.65069115143146,0.4599767494850191,5.119358362938493,595.9514267813339,0.803734168487059,61.99536702416857,fault
769,0.7237916408489983,1380.8575768947153,46.80318557041853,13.562452046643491,49.59867325189136,0.4044142253310172,5.377484236852855,634.7659599289578,0.7968358940005035,59.41313955796969,normal
770,0.7298353256758469,1368.7498549552317,,12.798166180770709,50.250716971817795,0.44352116591159263,5.260062262673611,606.135013221224,0.776597554473057,59.500006470726476,fault
771,0.7233216807594258,1372.1803543498634,47.271977649027505,13.098025413341746,49.17526801034286,0.47434993857185864,5.285978898947831,619.1695645858853,0.7859859633572214,57.82016746570697,fault
772,0.6947294745802548,1384.7154456530714,47.36644781704217,12.736475682833612,47.692777705150185,0.43152783491130736,5.207354114934123,603.2816108039649,0.7907182723623054,57.64874470641195,fault
773,0.732065417191483,1409.7819544868707,47.10182397278625,13.979476631919175,50.121174756341794,0.42893151550660985,5.307261847022094,658.4588475483357,0.7816150952596782,58.05201580412351,fault
774,0.6963246367845293,1371.3533583997869,47.31437324114354,13.452734179291191,49.88905971716093,0.40828921449237854,,636.5076860728723,,62.45360393717146,normal
775,0.706403363699856,1406.5510668610739,46.67136896955588,12.437035722772567,49.11290714367334,0.4543893220112155,5.2254306889211595,580.4534831050655,0.7900606727519796,59.95752552058649,fault
776,0.6718090119176798,1373.801569172701,47.35472166747511,12.471846509688344,48.88881433760509,0.4148642610520602,5.349760929600647,590.6008201457624,0.7887105267444601,59.77403369082262,normal
777,0.7207512199897821,,47.14365896482887,13.250246384305274,49.07432930988576,0.4325779380877797,5.196382175978064,624.6650967416447,0.7986649444389218,57.67111644941453,fault
778,0.7148133641482354,1431.4460248742703,47.26048967785965,13.096837203241211,,0.40960094513734097,5.301947413364663,,0.7832760871864852,60.77584759942305,normal
779,0.6780119057930876,1422.7120504018503,47.22774225509015,12.579099797044208,49.52243574946397,0.46277667599166755,5.25385424492458,594.0824830158607,0.7987174673052595,56.66473280312959,fault
780,0.7195720605894224,1419.2833064954366,46.852307503678226,13.973912324362246,49.767714953181446,0.45835321251287675,5.1579970292251955,654.7100372504589,0.769762755249895,56.28330099429804,fault
781,0.7226569031325344,2602.0526803369607,46.721676460251715,13.422394608872596,49.91388060379703,0.43516250864248684,5.262414149848165,627.1167782375722,0.781624192362569,57.908039927783854,fault
782,0.7828382897286306,,46.869610739098384,13.8415307140928,51.81488308497059,0.417817645767636,5.287692007779689,648.747156602804,0.7935172634254477,61.21737414620148,fault
783,0.7595199538027889,1423.9639231645463,47.207091255524546,13.294480795839837,49.35792733602453,0.4700452085150974,5.202190912158637,627.5937681240298,0.7997693489903194,61.422554357058615,fault
784,0.7367360871863711,1422.5637775664002,47.25619486811482,13.654029822420354,49.358410873425974,0.43047763358492586,5.282804163022036,645.2374940233474,0.777348503731639,58.18606216182106,fault
785,0.7474702723611658,1433.9431404669713,46.73268208265717,13.33373855814856,50.12793418373722,0.4168428160484394,5.273047450254758,623.1213650112243,0.7755214309872281,57.70064958160469,fault
786,0.7448594538630118,1446.27549777399,46.83106445075563,13.353306045241164,49.51148246506334,0.40378759706042405,5.253376146490006,625.3495360353537,0.7900995483244823,56.51159132307453,normal
787,0.7408823889244011,1436.9047086748794,46.898295008909884,13.64371549488141,50.52619539816494,0.426084399401848,5.250579347950076,639.8669942965834,0.7782684940649864,58.57720118103871,fault
788,0.7178418671487811,1442.9447062275394,47.0077930685704,12.722723573053193,49.34337768483227,0.40835960777201263,5.232402748175161,598.0671569907071,0.782839975671846,59.17062687528551,normal
789,0.7490340595604196,1436.902690280593,46.73123585781615,14.040236668777416,49.26907056253685,0.42778323881002345,5.231688522534705,656.1176112681964,0.792605091222645,59.94965422448948,fault
790,0.7343376274960957,1469.0781526693163,46.72757575546726,13.458185593132432,49.85951865509653,0.4542440255742257,5.261670106047798,628.8683868342338,0.7790097365088049,59.7133693988066,fault
791,0.722268123076998,1477.0627692548776,46.8868684622572,13.771513857073083,49.73426153561771,0.43117419719217637,5.190187977021343,645.703158742738,0.7652748717769984,58.244120022728204,fault
792,0.7780714019378471,1472.5509900697339,,13.282857184883891,51.358535472354276,0.4505522403477607,5.492974557187854,625.2085614689524,0.7690030167397094,58.70279719260513,fault
793,0.7773281416362028,1488.2204188196588,46.75229665821638,13.332937787016188,50.920264142695196,0.4292041286156477,5.166829244679093,623.3454627441239,0.7820254757145086,57.090872378956846,fault
794,0.7147409423479933,1484.6176902104612,47.0681471109139,12.875108349672313,49.856439229646995,0.44025913711545767,5.188652367293028,606.0074938713323,0.7662959440834428,59.14891089418991,fault
795,0.7673083860399799,1489.4595248152234,47.319265223310225,13.686033317352305,50.69830973379031,0.4818710776501898,5.231435484347235,647.613040398854,0.7792050949570546,56.96785130885745,fault
796,0.8033998617053312,1489.662751823113,46.69989189021063,13.839323184118552,50.94948521509694,0.439662567626097,5.460064747482313,646.2948965320219,0.7663260559307756,58.6510116433917,fault
797,0.8077369773947499,1487.7192756753993,46.969838678231355,13.680958628388213,50.61349630602066,0.4549597571191192,5.193916871977958,642.5924197389517,0.796304451123856,58.4788040216543,fault
798,0.8090568461759304,1485.2726871486643,47.276166392068255,13.497748802831808,51.44964020106806,0.41635812324478905,5.334191724619088,638.1218183210167,0.801365389310253,58.04303638225552,fault
799,0.7816591924731957,1532.7946212745608,46.93691121982332,13.246229446254896,50.46725222395406,0.47617088787121387,5.300477497049222,621.7370955162755,0.7703767707707677,58.918663804581016,fault
800,0.7572376903064509,1498.8129218266843,46.91718108225458,13.527290805030939,51.65436337758202,0.43456282259557705,5.289865493359956,634.6623522519538,,55.31879580392391,fault
801,0.7520612269913465,1499.9684124293256,47.3551966150194,13.35149705998448,51.29141506094555,0.46499542103233343,5.358127626331508,,0.7725843942412232,55.91325279863669,fault
802,0.7967781290093637,1516.7274683893208,46.951581605907,13.544042440158647,51.53718505090221,,5.387454742172227,635.9142139029765,0.7767343261862011,57.159455760773234,fault
803,0.7995696540327889,1517.4915908310259,47.30160564775406,14.3434864003061,51.39227503044661,0.4606008293478098,5.255732303444462,678.4699373212026,0.7975974949815885,55.292248802096495,fault
804,0.8284448440777309,1493.9273913653876,47.10920607302003,13.947693275597677,51.54722794260588,0.4643914157201465,5.327209267214264,657.0647567634068,0.7733270524689737,56.74084555465419,fault
805,0.8243393235774477,1535.6333627939005,46.91912096423252,14.397640209373304,50.54313711287765,0.44188582867058696,5.15935223298959,675.524622583084,0.7752137350953371,57.24127783669112,fault
806,0.788768516478448,1523.5558512101754,47.15279439161008,13.554313118501385,,0.47021900953309587,5.291174659931431,639.123739596199,0.7703022531468365,59.45068443125135,fault
807,0.7566841885794535,1514.0605723266597,47.13823458556292,13.63536815691134,50.432044261854955,0.4309263472310147,5.19693542415104,642.7471828410015,0.7926685517371673,58.079645554580544,fault
808,0.7855909056430681,1549.2867904171135,47.28980052452266,13.704971196809225,,0.46426917620145414,5.265445074902497,648.1053540914369,0.7470035508285531,58.92472383791805,fault
809,0.8027128067939715,1542.36257393058,46.88337889970657,13.234202443608467,51.57174902374401,0.4425680479345824,5.15717763925685,620.4641275991183,0.7742270453273873,57.82493006017518,fault
810,0.7910425249513419,1517.6796063616075,47.039686012163855,14.259518010611847,51.73145929883581,0.45672160016808133,5.315894362747085,670.7632499039767,0.7786545674399357,56.37858458222324,fault
811,0.7805541662111622,1566.7213523770113,47.02197924838095,13.650616731052502,50.26022170942578,,5.1401036217025995,,0.7729019687662455,57.929066407372396,fault
812,0.8061398256162784,1550.3115315376165,47.19250966198948,14.113931869351525,50.736366633874596,0.4525215645926418,5.30526823613277,666.0718661130331,0.7867438099182659,58.54997108907398,fault
813,0.7839727513010113,1544.2949583849604,46.77749447324223,13.457724036262288,52.05284540933116,0.4285467150443906,5.179434456784167,629.5186117286783,,59.01359774909489,fault
814,0.7806632777112097,1570.639460961281,47.290264098606094,13.644632756567551,51.457715095844364,0.45501888080975517,5.206933378559453,645.2582865865712,0.7650115786003233,56.96260144045875,fault
815,0.8091379376382524,1548.796434228048,47.12940528746912,13.571028966244999,51.0491972330396,0.4535213805342719,5.3868818801800815,639.5945243181436,,54.795144937632536,fault
816,0.7878988026246577,1549.4058164371481,46.70016611985067,14.180842993639239,50.90208090490941,0.44042733187748057,5.326335741797256,662.2477235224729,0.7642874007328216,54.80940381247874,fault
817,0.807320971513684,1539.9092013327322,47.315508345339325,13.97502085214939,51.26361800630339,0.45197552706718364,5.384500464017342,661.2352157561655,0.7903100830951193,56.666450599006694,fault
818,0.8081082282060046,1559.835878542387,47.57091908963629,14.000470897569334,51.39355936549983,0.4561110663786708,5.417559851945641,666.0152682850784,0.7787575861755572,53.54795954771549,fault
819,0.765518566604021,1562.836552651032,47.29650902692732,14.09307968764131,,0.4379885727867892,5.200808210310182,666.5534706637333,0.7742266770456165,59.98487338907409,fault
820,0.7849287251397974,1555.3400493708587,,14.140146683819331,52.99574377650214,0.4495852649452976,5.395806539508891,670.0570323010769,0.774074406539663,57.463380749715846,fault
821,0.8420391920376027,1539.4977289480996,47.00534285123678,14.347210961474651,52.155883516282536,0.43691014491875446,5.198292069504988,674.3955702031385,0.7748523203313833,55.93864843415487,fault
822,0.763459113739695,1560.189480936062,46.63107082436135,13.111507075111836,51.12805566189991,0.4979413481769779,5.319880882611571,611.403615033655,0.7810755265179751,55.0185852951428,fault
823,0.734113536452915,1559.956917957141,46.608476389155044,13.190801533558878,48.728915669015194,0.4701533243439165,5.199850323236449,614.8031618309091,0.7711319789964163,59.138090526156304,fault
824,0.740925984326448,1540.680962339156,47.12741004043656,13.125054107562388,49.82114138503748,0.4552697390072039,5.169328431161989,618.5498067300088,0.7775283962861265,55.68766612410892,fault
825,0.7966998243913975,1534.1762519916974,46.870608741306675,14.066945830860535,52.204382786172566,0.4780039325742402,5.331618108660169,659.3263142234192,0.7692472713768422,54.90474475081329,fault
826,0.7956768462011348,1564.652886064753,46.79036074203106,13.867150391097892,51.53310977322949,0.4151866961607471,5.357006945213381,648.8489692634676,0.764729548991348,55.95789478887194,fault
827,0.7900220920729082,1517.2482488423016,47.007424929744836,13.288065377480754,47.60652050151389,0.40345768053242187,5.350340354899023,624.637735693468,0.7688645606903745,58.52056273482102,normal
828,0.8286562397682784,1555.7244676539376,47.14568359036755,13.9417401834052,52.36078567334502,,5.321017967122857,657.2928713859344,0.763481119749686,57.452753905539545,fault
829,0.710605501238908,1554.1833190399623,46.722621458356706,12.77780795181678,51.239525617236055,0.42127048500021474,5.231416631804268,597.0126840003156,0.7765567496220591,58.84765400763654,fault
830,0.8011093019230989,1572.8160564364218,46.9007713852513,13.826416345134529,,0.451641871362963,5.326028423690069,,0.7804327535164942,58.80209518915149,fault
831,0.8343969198086473,1542.0177965030146,47.36341135261456,13.466617489412165,53.16543034344404,0.46344203401960893,5.3311479440525495,637.8249436793419,0.7755256228557678,56.08628042636011,fault
832,0.7519256238686967,1564.614408532028,46.78268160935262,13.737510755388037,48.25621265507741,0.47143139742426454,5.292091766677301,642.6775917743757,0.7980604276240475,58.9955622299215,fault
833,0.7724540311651178,1545.64700971195,47.252104261183575,13.80912953812932,51.60202793052611,0.4321920102805992,5.27913953016399,652.5104286918764,0.7550609251018762,55.739259370343426,fault
834,0.7592357495482661,1552.7038356844985,46.92363888512009,14.26656594452314,50.6151210881399,0.4621843510848942,5.32065587076106,669.439188511556,0.7823946747285152,54.04140210340279,fault
835,0.7528527730807718,1560.7214784642374,47.18595938246534,13.85849280690628,48.63550972390874,0.45426080303227534,5.118254845406485,,0.7779595120214469,56.39408531872652,fault
836,0.767643645587779,1539.5321919555583,47.311593107119485,13.503713443621827,51.14697294659204,0.4623983750933904,5.247949591335727,638.8821958797752,0.785187365181028,55.3436606190902,fault
837,0.8178935266089359,1555.2111392694094,47.181964753069614,14.240808294468158,52.62357262607232,0.4493646502862867,5.1825850552070145,671.909315004818,0.78155771549581,55.23716968492486,fault
838,0.8277186183166366,1522.2145309618234,47.21565712433219,13.525502996272929,52.179202364116186,0.4885007093601546,5.321972888975658,638.6155119061502,0.7721267871124243,54.537119812262944,fault
839,0.7599390237364094,1544.4391318387395,46.75427550191243,13.272393418369441,51.14426245183216,0.453637375952837,5.383411814086617,620.5411384522141,0.7787670929378104,55.84471518820622,fault
840,0.8244829341291453,1546.012911654659,47.26853666945707,14.114373220775972,51.517190122952115,0.4966466161478631,5.258977743394693,667.1657681526519,0.7662475881868767,56.9812621603262,fault
841,0.7656077727283935,,46.82363157905515,12.890386026718845,49.306006587002656,0.44093709561702066,5.265538464050917,603.5746862268838,0.782643733926099,59.703962225717525,fault
842,0.8142577274885424,1555.9047578566747,47.06235332112014,13.9259179050501,52.23264907830144,0.4757853217955256,5.349598595810189,655.3864687683811,0.7551605716197753,53.35708731102372,fault
843,0.7558535313554681,1517.2383255061484,47.10833576920455,13.232657893272512,52.03602574916313,0.4553549796194954,5.082445275439198,,0.7845127020806046,54.20674382571714,fault
844,0.7594905671416029,1504.4285744051701,47.16172821936525,13.648280772069857,51.613694224708134,0.4505763736851989,5.208306585116494,643.6765084339471,0.776205747208899,55.08691369029312,fault
845,0.7633321888480832,1506.472935809296,47.12119643711924,13.259916350224001,49.19721835193137,0.470376768489341,5.281592200281607,624.8231230786744,0.7712496759340807,57.960044505446405,fault
846,0.8444474623465269,1521.2529483822073,46.760695540495774,14.273553607175966,51.044018696385336,0.4585281239010112,5.077118449593322,667.4412945061006,0.7696140963894574,56.015568585708635,fault
847,0.771241145202892,1520.993002057203,46.69232922158945,13.693844497023873,50.26978660370042,0.4057076912951031,,639.3974955642897,0.7738826776416781,55.86246801167179,fault
848,0.7210143086826526,1515.2771561745424,47.28764769969152,13.877097993062762,48.77643766231951,0.39396339857808177,5.309876235266124,656.2153209900481,0.7908339151648343,58.53649938954205,normal
849,0.7677429567901161,1489.247396124521,47.078219241416356,13.670949940270091,50.93562590849245,0.48469940602078343,5.334423791764118,643.6039785264632,0.8077342775335965,57.49314975160962,fault
850,0.7241721545460299,1517.0591593706563,47.35354443489287,13.139394100668941,50.43907246016812,0.480662377718107,5.253296325004022,622.196882393596,,56.18249568138619,fault
851,0.716604347586905,1483.6681664608175,47.060654222495266,13.277853233646603,48.8522569477352,0.49349051285383944,5.288295601795696,624.8644598456834,0.7720528049952852,55.3305353607411,fault
852,0.7547425600268111,1512.1541137909726,46.68961878174259,13.123860861405177,51.31299044923747,0.45873609588320685,5.261291266719106,612.7480605636396,0.7819718662214956,56.47090784434564,fault
853,0.7245250793445708,1535.7428067067115,47.306199262530164,13.556437797949942,50.636596468322374,0.4311084762792508,5.267028672740421,641.3035477599155,0.783793109419785,56.110334339426124,fault
854,0.7279805403314685,1493.7141841961973,46.968892806895866,13.642721153470214,49.7877245945652,0.4491378422700779,5.199429994785829,640.7835074517133,0.7675103332318486,56.17995242813358,fault
855,0.715998810091347,1493.4608815023578,47.15615469368001,14.229852841197076,49.88090344490043,0.45709138093605195,5.225226483615975,671.0251418477912,0.7646279297425753,55.6520990089869,fault
856,0.7215605045016953,1472.3475497273266,46.903922602498106,13.18261284064058,48.5675308761211,0.4374589716208888,5.1689314128134,618.3162523761034,0.7761999244515523,58.33005426053416,fault
857,0.720026084141348,1448.121185952957,47.47767340928621,13.298571856939175,49.842282808697256,0.490740386862178,5.319192005666222,631.385251433683,0.7848614265322073,56.479531834844316,fault
858,0.6449151510518422,1467.60106050791,46.90712850797511,12.741369918170522,48.77034400098971,0.4968419852733524,5.286926826386374,597.6610761192729,0.7642967102301093,57.90184068071768,fault
859,0.7187040041602165,1449.6587345474545,46.98246417882918,13.461109358305519,,0.4678125598686885,5.3269136835150395,632.4360882338914,0.7693912673206162,58.116134065924385,fault
860,,1443.9297853176695,47.13633620776061,13.198691575695182,49.443355323938455,0.45401463795415564,5.145852596886859,622.1379636145057,0.7848934981403339,57.11909390786465,fault
861,0.6466208512640813,,46.85060852954393,12.938191535053692,49.015552870799134,0.4271647739027804,5.089093306597201,606.1621466890596,0.7803714312675836,55.98485573809602,fault
862,0.6836433345123352,1458.6944599421815,47.17624899268549,13.5604727435342,49.283429500440356,0.4872464999801879,5.293135249537412,639.7322386074943,0.7921407029249103,57.71485296874807,fault
863,0.6833675789096186,1455.5271539018704,,12.963912355233616,49.72723709501709,0.45811380775076793,5.233963292620025,615.7391709402813,0.7637529757047482,56.923588940804514,fault
864,0.6554449133938196,1442.6313744944364,46.99272827890301,13.358731147750188,49.8056390399071,0.44886248024924824,5.196857986530759,627.7632229771427,0.8026593286022515,60.151442596649844,fault
865,0.6965353497524219,1436.5879416171204,47.180840160569,13.449838140449877,49.67558312463566,0.4678483948245769,5.148310366521492,634.5746634900902,0.7615781287605864,56.56948372966548,fault
866,0.6266486843072099,1454.449886888601,46.45018792747912,12.839084469575042,48.756437801504546,0.4412116591606229,5.183799761173611,596.3778864285392,0.7600356450267156,57.6105079452018,fault
867,0.6499733530771954,1432.8560981953638,47.108737724673084,12.874266172430032,48.78160936013729,0.4580212766293793,5.07891806818592,606.4904285146372,0.7784468167279812,56.82839232379109,fault
868,0.6398643062175556,1437.3592440526506,47.04787967662197,13.774424473628617,48.23951651718105,0.425717622326196,5.209055357300663,648.0574652499961,0.7680717033299317,56.63597469386347,fault
869,0.6512058971679159,1420.8314545881142,46.91202556056216,12.70843831855052,49.387716304574916,0.47750794032912414,5.276246807105304,596.1785832346695,0.7783365521708803,55.608461784548965,fault
870,0.6561295533453337,1413.5639506169398,47.38265663945147,13.129460937849144,48.62219791046783,0.45436377814049284,5.29953246263085,622.1087394791964,0.7776155529593668,56.82363269916559,fault
871,0.6126570951343001,1396.4350408473767,47.06509405402873,12.5030239445947,48.60113222236879,0.4764421294439414,5.19496641135649,588.4559979121228,0.7784435982848463,56.96453246340691,fault
872,0.6597258154827743,1379.5252432157774,47.064213612204014,13.674231245823194,49.170396248625245,0.4533007962272441,5.060337255959161,643.5669403360974,0.7694986898129844,57.89951115051565,fault
873,0.6349671106476025,1402.7278110861046,47.0336747149698,,48.46732780673765,0.4529107391465206,5.169020685677126,621.4254667713626,0.7833621926489631,56.816055135222975,fault
874,0.571377684363633,1408.1329812980466,46.6992234925745,12.284254824567382,47.311691892694625,0.42659314057858094,5.2795626049844975,573.6651614922087,0.7789166270361484,56.18648610489218,fault
875,0.5644197769874009,1384.172546950838,46.90058016221903,12.660589128140765,47.05080731527687,0.46576990593962175,,593.7889753052847,0.7933494380066346,56.126199130974804,fault
876,0.6178349044520902,1394.3786984336498,47.38070102761809,12.893116190210211,47.11047574947225,0.43762308752090967,5.135506371003412,610.8848835226923,0.7777132061470249,54.81015773611584,fault
877,0.6065910495375925,1392.3952242928276,46.62151806412116,12.555891934120718,48.5393836583815,0.4448038406691646,5.245118535197373,585.3747426177622,0.7703075429358223,58.771074525476514,fault
878,0.6051247893823206,1355.2555238889197,46.958182882382964,12.994521558445554,48.40025264324955,0.45472784096731556,5.1800473073677065,610.1991198105544,0.7630251204002734,55.40064964949741,fault
879,0.6023901009593488,1370.0793338260605,47.051602442274344,12.85026388129985,48.85386727694184,0.45720451577055166,5.326841206321762,604.6255074212379,0.7781927617718274,57.47848197895823,fault
880,0.6049965333272246,1385.8072218341424,47.58493576309689,12.806391181016092,47.80422161932901,0.4211585178067768,5.071290041019394,609.3913017057413,0.7669663845007465,57.016218263415475,fault
881,0.6216604962800689,1380.3866295160774,,12.817459552473705,50.053985658276616,0.4522893662625368,5.062070291542621,606.6174588806103,0.7652005092731381,56.10382273168667,fault
882,0.5549033611994626,,47.04897817385597,12.583708755870207,47.0406018517343,0.4677614270636603,5.192117183369491,592.0506386010976,0.7871874534051414,56.22310083557901,fault
883,0.5480902124817756,,47.519432734693794,12.473497515212014,46.53000650290953,0.4440369200278304,4.993414042795787,592.7335261404875,0.7643517328843774,55.53135798398784,fault
884,0.5454729651785626,1385.4083976860416,47.009852138953725,12.399442058964576,46.39637611290296,0.44719157577472246,5.071177209497072,582.8959377974487,0.7962561253909566,55.245914094722984,fault
885,0.5819770804438037,1375.5423268719694,47.41763573862183,12.374679555937066,46.469600484537345,0.4581465710220001,5.106886194356592,586.7780475655943,0.7817810454347761,59.15261701270605,fault
886,0.6057115819451157,1357.4357278220302,46.806236860828044,13.335511362342904,49.51840203162883,0.45456991139924807,5.211297615524365,624.1851034860856,0.7784336259519609,55.81564236811535,fault
887,0.5504963295903265,1353.2883974998394,47.458025817961435,12.04500572631075,48.403619371512704,,5.1385756071043724,571.632192736749,0.7711600512208995,57.81557746796411,fault
888,0.4834817205538585,,47.14137262169709,12.16148877140729,46.589438910118794,0.4471676285154242,5.078755525128189,573.3092738074962,0.7923770597881136,58.601586370863465,fault
889,0.5025350488442302,1365.6774390331527,46.97012029601874,12.015302847271556,45.74327192638669,0.46959219057704743,5.022999580222381,564.3602201294415,0.783626516820647,55.953218175379675,fault
890,0.5238148161022531,1357.3824852658083,47.15551962500008,12.872158297467896,48.300533212068665,0.430681499537167,5.1669565977189,606.993313212355,0.7756055071127672,56.71966336954097,fault
891,0.5272571288598132,1361.2855656134107,47.27597070881468,11.962002784213107,46.640445650809774,0.44478267563833473,5.393898207198032,565.5152932452186,0.7841675006152684,56.50794675096081,fault
892,0.5269554194201488,1351.6802516195785,47.08277190962645,12.020320316522792,46.70950982870145,0.42490746011911384,5.126590043743134,565.9499997434914,0.7652313803127972,54.81370136149097,fault
893,0.535620588277546,1359.2968955213892,47.33759824449231,11.991468191677098,48.238851081034426,0.4723528490411515,5.08499325929044,567.6473036192192,0.7651476008552853,55.40374562258999,fault
894,0.5204077994088382,1347.834045094527,47.06511461399394,12.354091590974651,47.35068236820317,0.4507529327100279,4.962207881456439,581.4467366810007,0.7709345465076567,56.97328442380983,fault
895,0.5565813099904697,1353.6534043885426,47.33660036074901,11.978603198318147,49.24389988566115,0.4387818949461362,5.040026249254796,567.0263524787761,0.7836979002541384,54.8420927103147,fault
896,0.5002083442052724,1357.9987703009742,,11.954699203826216,46.67562208234879,0.4534132722832386,5.03413325909196,565.8965374370542,0.7828635883956951,55.727613129576326,fault
897,0.4900567581651832,1332.4082245153202,47.21866211169245,11.309197665287344,45.984631369278624,0.42697573902419633,5.001022337015526,534.0051833115443,0.7937684393177739,56.344434127055294,fault
898,0.5257825400064896,1313.4095551814742,47.09454965762642,12.36227891081446,46.46421645888692,0.43352780516513917,5.0671785654208765,582.1959580467795,0.7721673547949206,59.54629535859515,fault
899,0.4608923505998362,1367.9768023846875,47.29427557200607,11.714966142400465,44.31638029815214,0.42009573996971694,5.164949334400165,554.0508370554086,0.7902333369382079,54.35054433326339,fault
900,0.5142558486674982,1343.6959506541104,47.350845996190564,11.690653513530425,46.53998387044724,0.4325238155859549,5.159502238949699,553.5623341140033,0.7805546738525139,57.058386018348784,fault
901,0.501306071472379,1314.6458995826404,47.738675156192656,12.514989044312227,47.4537794538116,0.48026207976642693,5.03762381286333,,0.7727853120352687,55.24067667298281,fault
902,0.4895341829804894,1330.270009005357,47.467080970074335,11.607962050420683,46.813618411590184,0.43780312030636515,4.9450941013204135,550.9960745448686,0.786532330860857,55.16223192196059,fault
903,0.5373999957470738,1348.5902635705372,47.437513687686995,12.63302167550024,47.22072239208181,0.4659111643313109,5.181918365919699,599.2791386483891,0.7795007406794017,55.33021418513902,fault
904,0.46694864561924565,1338.5091852350004,48.02158831487188,11.687270037363112,45.14874441304916,0.4345164353938741,5.021355056178331,561.2412702589886,0.7772671305732468,57.5916523443391,fault
905,0.5433584575227934,1329.1585900139517,47.31690502164746,12.952894221978976,47.50990728034591,0.47283783358547815,4.9403126209967505,612.8908656568253,0.7800327185374197,56.63326233140421,fault
906,0.4707952400582277,1364.0972365260868,47.36670984007659,12.22055866608778,46.84086219929947,0.4316123711793596,5.0842992009564,578.8476564202132,0.7818204804262885,56.32682885509464,fault
907,0.43533288346360033,1330.8419082300227,47.4495056019263,11.393876125625402,45.74520450518551,0.4503734911505883,5.084202465256609,540.6337890505168,0.7832269171766743,57.836332502098074,fault
908,0.47190512629659537,1332.4731240511608,46.99158553050395,11.646398486691119,46.200657890279764,0.45386364814430924,,547.2827306096774,0.7786841499675469,57.90672175609219,fault
909,0.43376571096149114,1351.6758215233365,47.16294613388592,11.951725752318055,44.75153443948588,0.4966034853735912,4.934418915710252,563.6785978635536,0.7715424625909291,57.29166352127743,fault
910,0.43982963211393555,1355.072026474842,47.14211107521709,11.6855941541911,46.20033687771409,0.4634329080217957,4.995458099640192,550.8835775967843,0.7849113018276473,55.04934382648282,fault
911,0.47070855370422465,1355.570258893955,47.40543673474435,11.904681194559362,43.56522844362399,0.4417285456277675,5.0843369272199155,564.3466112159847,0.7744674535984254,57.545271263908475,fault
912,0.4719685114506547,1363.2558367981665,47.19856461950853,12.4180454626511,46.40804838871683,0.46768031173201513,4.984864686625008,586.1139212169327,0.7721032065183326,56.46275882394144,fault
913,0.43322994400526604,1357.4082045788773,47.30723795621024,11.479540393214497,47.46907547593304,0.49393564639801535,4.932102452682469,543.0653490097254,0.7817113208724721,53.93296888877715,fault
914,0.4782036164056185,1360.092999970849,47.50814980278001,12.04462739609295,45.02398556808786,0.4224692388955909,5.087995304152267,572.217962652252,0.7890847968816577,54.0783249380448,fault
915,0.4800878134935235,1350.8083387415686,47.450149460570124,12.359350528672726,46.07984454534419,0.43865496554587213,4.99334130093146,586.4530298210972,0.7833813524089059,52.92288534819146,fault
916,0.48532939550181536,1357.4836097230293,47.189321245348665,12.341122456414576,46.369300076724386,0.45147789170058156,5.077506958903507,582.3691921239339,0.775826611894461,55.843220954276035,fault
917,0.4550991017211635,1363.0079419826934,47.08601994273546,11.821936181698916,45.46975761309682,0.4457475647624937,4.923726517472402,556.647922813221,0.7768109838348463,56.47201165350741,fault
918,0.4771964019015239,1365.4504815369378,47.519242545545545,11.91051840065033,47.07501494520539,0.4494938892781015,4.919595627114925,565.9788127236862,0.78765260777285,53.711540926477234,fault
919,0.37704873993957977,1384.5801230009727,47.508597773250784,10.803415117830216,44.8295587308971,0.422344474900816,5.017766826543321,513.2551034104524,0.7622093963010423,57.91490297859992,fault
920,0.42121872270611194,1380.696745786605,46.87780777305776,11.308585721414364,45.37683819081792,0.4803337498299412,5.0081322633568535,530.1217076336083,0.7918168004956384,55.9168926738145,fault
921,0.40213475990281666,1377.6209385853663,47.215933648968694,11.676444463864012,45.55764489482582,0.4225676496900824,5.048034743885281,551.314227061671,0.7659320867409604,58.09144016966569,fault
922,0.42921809568627467,1365.86090793741,47.3135173163947,11.680511025669269,,0.4494741422547789,4.950255568858304,552.6460606773421,0.7690388943643164,56.41719526545855,fault
923,0.40610321403595684,1384.209083053427,47.484920771312545,11.617556021930767,47.55183117848502,0.47283772967535487,4.912740556235631,551.6587272576675,0.7790809549638852,53.4089623795065,fault
924,0.4159777911775716,1385.4656975557452,47.50942203987545,12.015568813189645,45.31509980647031,0.4523992967934905,5.091785084093629,570.8527297949922,0.8053060215952006,56.50122043942602,fault
925,0.4752555012594462,1387.6527075936024,47.305033984190395,11.59318426467262,46.42558700338006,0.4384492373298396,4.902251657685324,548.4159756253197,0.7972899840083965,56.5682279859415,fault
926,0.41163963957005933,1426.6769116603411,47.43084504190927,11.545640119462115,43.764241658090356,0.42626624853020234,5.079340501013975,547.6194674158585,0.7906363567971499,55.608303086293084,fault
927,0.4272005186011527,1388.3299172721718,47.287701642260735,11.788968379159476,44.98629194203556,0.45017655798455075,5.095423024857095,557.4732193837394,0.7862337548170338,53.67951041584671,fault
928,0.4059899370633651,1408.181443043838,47.119755970672806,11.350451117123189,45.965504165207605,0.43823101399001146,,534.8304867958952,0.7649809861772993,55.76570370078237,fault
929,0.4135175786263628,1421.3406436302298,47.21646366752875,12.144340977062297,44.12307437118346,0.4583703483910576,4.9245127662297445,573.4128345095426,0.7846698511545365,54.476415921853324,fault
930,0.4098328084206114,1411.245893807232,,11.940471789053241,43.40740853189591,0.42623383191099184,4.91130251016574,564.6536673254606,0.7776691885968726,58.10161526055234,fault
931,0.421627119118006,1448.1592556489343,47.26578829203414,11.796029979689516,45.379944524410284,0.47175902438395684,4.967742361409304,557.5486557064925,0.7742798906578308,54.82436541528897,fault
932,0.44178159521920124,1410.1529638771722,46.786524283368486,12.444642337116077,46.82180860683136,0.45971356812252673,4.894718171030698,582.2415609033169,0.7828617868352002,57.65664552854018,fault
933,0.4550098908259368,1424.049084272554,47.14754702508313,11.37266868266338,46.00556758829916,0.4625494791197633,4.930312020858851,536.1934315165619,0.7758161368071053,52.07649989261,fault
934,0.41376387622747024,1414.9988461319176,47.29354906958807,11.648352787084589,44.96867494403843,0.48456651555457425,5.02962046251815,550.8919441158579,0.7911574288376394,55.57067180941197,fault
935,0.42117107981291074,1425.6728504077869,47.20281238129251,11.824969188646588,43.89245422405429,0.4478735562341093,5.034841079502383,558.1718020262496,0.7626094212690077,58.09978626141146,fault
936,0.3680909531003032,1443.540075048651,,11.059427265401595,44.79394587515153,0.43815863209481093,4.861437464200042,522.5966022423993,0.7852479852506798,54.398321732719985,fault
937,0.39923615926709644,1454.6721337475683,,11.672893900951875,45.53011665866814,0.44450321984081886,5.020961238120815,553.4336888186517,0.7740245342301953,55.194177873593596,fault
938,0.4294605419119757,1449.050895716233,46.995532970292075,11.362937276894638,44.12808974345829,0.454317821553819,5.024039204264623,534.0072934356627,0.7770828247903903,55.14132597385329,fault
939,0.4267345246631258,1468.1083296632887,46.86002551318704,11.976831150158729,46.420373674787285,0.45642288359348704,5.106244016754626,561.2346132635713,0.7842366438832374,53.98651141396115,fault
940,0.40673188638797225,1454.1630105240374,47.195578715407315,11.986613470492383,45.77359693116007,0.4403199256202033,5.016648573602467,565.7151595777849,0.7708923287225575,55.672762533241674,fault
941,0.4267282958403717,1453.7899174780714,47.457235622751526,11.832917491292024,46.43516891819709,0.418363797972707,5.0694680178257086,561.5575534888235,0.7825828040156182,53.31068260264671,fault
942,0.4147372691683633,1505.0875135206786,47.697271088406865,11.018426448127775,45.788638041099375,0.4469395508069642,5.014220410788184,525.5488732640224,0.7792915476504567,55.023524080111535,fault
943,0.4360262310642908,1473.537862814796,47.45346670461365,11.457512764903402,46.2363057323781,0.46734967102689434,5.069017194273906,543.6987005070296,,55.637196346996944,fault
944,0.4088255762813877,1463.8037956796472,46.9122122145206,11.83158611227415,45.64866478176782,0.4609941813685316,4.868279423281892,555.0458785333797,0.7767545809796996,54.73850963334636,fault
945,0.38972651335515623,1470.4939741369665,47.23604858080613,11.528013801356927,45.59142307090486,,4.947806283847292,544.5378199610993,0.7807446358207066,53.38858615591451,fault
946,0.4108501068682838,1469.8424959345293,47.34098309693172,10.705685963549442,43.8302039652107,0.49812452841956406,4.968880123074367,506.81769824145334,0.7734305056777427,56.79654178189996,fault
947,0.31335895344443265,1510.5682212966224,47.39879818945283,11.499881636088038,42.33786215555295,0.46669409062048706,4.883921330038265,545.0805688715316,0.7859292689742788,57.01660417921918,fault
948,0.41338946791212017,1487.7547376100242,47.40878512270502,11.714154908264565,44.75879292628636,0.4874521791218347,5.008620005003022,555.353852939995,,53.437903048113746,fault
949,0.29320042640645116,1509.4070537822586,47.14043096688017,10.65976579217714,43.088680645567734,0.4658140387234165,4.93939350654059,502.50595344923715,0.7805032166951631,53.70347027244472,fault
950,0.35182215985215276,1506.46582654038,47.338614574448,11.647657826935145,44.56657780714459,0.4896581865972953,4.960725302415827,551.3839845643354,0.7994582734790328,53.55343167202999,fault
951,0.41807516082966634,1517.6452862025844,47.374040095043846,11.461053411669925,45.71670789224601,0.4980694241677115,4.961232715093901,,0.7842744960631988,55.357708125664026,fault
952,0.41996619096923116,1498.3109580812882,47.4734472876356,11.469831398398698,46.39302604490957,0.4805188472335674,4.917519928958908,544.5124362899484,0.7760753187508302,54.861475903057375,fault
953,0.3720071239758567,1503.1343967966804,47.103550247072704,11.549709707990287,45.56321471229793,0.47207833131194804,5.030248263040869,544.0323315694238,0.783633894481431,55.92051715794483,fault
954,0.3868772963740737,1525.7835279367548,47.20637741981812,12.138121817794925,44.222513773536164,0.4553276086615038,4.9805275117734435,572.996759698556,0.7710384759319934,54.75319283253867,fault
955,0.45083680107368795,1530.5720188371945,46.56512759867234,12.468021940083766,46.270894116374265,0.4640141767818795,4.915497819719328,580.5750325430469,0.7736158817434172,53.142119163056265,fault
956,0.39679879970190857,1535.031788961279,47.12852991371518,11.702688486714461,44.43742424903403,0.4540530455893476,4.94333171275628,551.5305044170127,0.7773596191218648,56.50802926917674,fault
957,0.4803243642984141,1515.2842405964996,47.08555421651117,12.241028872810116,46.47689230283539,0.4802087795269119,4.877497025746429,576.3756286565794,0.7637910720437786,53.449309486243585,fault
958,0.4148130565505242,1546.7881620746202,47.0137538447319,11.964401714490299,45.714059772864665,0.44842779186693005,4.973599122344505,562.4914371045352,0.7832830127566714,55.01321100797863,fault
959,0.42906133448793143,1528.1753689901386,,11.334173512041227,42.99446630289148,0.4604444005784488,4.964539261002222,536.086429197068,0.7735158271001841,53.09905584433065,fault
960,0.46739055955363346,1532.1732835172977,47.21176758300299,12.230796109353351,,0.42052137500067466,4.960949146584888,577.4375032698877,0.7729757219450086,53.25315131035554,fault
961,0.42499241090134077,1532.8345268439734,46.694451976363254,11.495280628121613,46.118002848567464,0.4989866286324448,5.103662202398207,536.7658292446434,0.772837993207319,55.63425681129374,fault
962,0.3932803784885963,1572.524210292624,47.33808504983482,11.674652513409633,44.62583698645901,0.45787028641718613,4.861869823618849,552.655693607053,0.8095765950720762,53.79313998373754,fault
963,0.4224583749158971,1563.5148284136928,47.028367613491795,11.65989054146751,47.17783963023497,0.4740175364547656,5.030964575473129,548.34561871721,0.7717755335889954,55.165337779992406,fault
964,0.4271902773923113,1565.9102861363467,47.37766834982707,11.944569583013983,45.45151341780693,0.49473212372531267,5.152368512603797,565.9058562854688,0.757353216174512,50.770042676603154,fault
965,0.38993208370815735,1581.5790471562793,46.96517283886612,11.588184761706794,45.173166660113196,0.46889351301011334,5.037198945104888,544.2411002222741,,53.68850665195662,fault
966,0.4259208029665953,1605.0858672234622,47.26392929584578,10.688471312253153,45.33359573335417,0.4949455257687709,4.9733529023778535,505.17915238300895,0.7854462771545212,53.98482635606892,fault
967,0.4141554313496296,1540.9481858894064,47.19463211210651,11.757302818971072,46.84144544609121,0.4405745756794551,4.876581142317146,554.8815811719726,0.7916809421717018,56.809090474299396,fault
968,0.46707958737683203,1553.8666863246708,47.29844207656547,12.238240231877661,46.39683930315112,0.5178827061215501,4.895054957220512,578.8496967265587,0.7687271312862372,51.92741150611563,fault
969,0.44341527311483964,1560.0188718895618,47.27235536197184,12.028826777454869,46.18279697564121,0.49007614308334946,4.954197164424486,568.6309740114491,0.7893927113558754,54.94496997937277,fault
970,0.4370196159390188,1559.2693211541111,47.18208951036581,11.79972387384393,46.91945387187482,0.47229824631417877,4.927350669942115,556.7356280133048,0.7842137932631926,55.41591282086487,fault
971,0.4455411573095955,1557.2734419581275,46.85457822833517,12.46276583795148,46.58626774366335,0.4975894163515384,4.930378443555195,583.9376368957207,0.7743519106328329,52.6167161637961,fault
972,0.4587379435366063,1569.7994448012198,46.85836987282089,12.077421600865932,46.32056016124306,0.44706278480234035,4.970741258850269,565.9282884833724,0.7728573055400932,53.593399046129385,fault
973,0.4739588442382309,1556.5627403999185,47.06910639417331,12.21420310748613,47.53466788743518,0.46617276692780535,4.998987587005464,574.9116255863069,0.7763843213533292,53.81982496265118,fault
974,0.42896352293400636,1584.9919432115935,47.24858740082887,12.157868730046342,47.87556619318517,0.4975223566518423,5.0141539739922,574.4421232993989,,51.00289714913349,fault
975,0.43129588096466154,,47.09631248440847,11.93444930774183,46.14903069680378,0.4317746436732853,4.877612359902256,562.0685539267415,0.7804315044017122,53.557221142379376,fault
976,0.49935841238647105,1584.1092361131448,47.34981041453719,11.902861775219352,47.22197625722451,0.48606191522904285,4.969366714421087,563.5982484470778,0.76616224490314,55.36867118852503,fault
977,0.4576060651121055,1588.8500304351844,47.15668706573041,11.114486852980708,46.52186788645278,0.48244800506975805,4.981612197051091,524.122378422186,0.7731507705610374,54.44823814341407,fault
978,0.4313103045146857,1593.1944540429959,47.00585870863791,11.644389111048174,46.968726413038816,0.5093772472864421,4.960006504442048,547.3545093023322,0.7958951593548462,53.05044650468954,fault
979,0.4910482057513917,1574.3909504540686,,12.437390810768576,46.52464713017761,0.443404564579428,5.164042136031893,586.1665237168038,0.7754826634652089,54.08699623568987,fault
980,0.4956295882079557,1611.8736742518051,47.25128739360034,12.076215497988784,46.87215643822241,0.507914714635968,5.038581323233537,570.6167291225186,0.7813096063847004,54.139220755870305,fault
981,0.4398756217076799,1588.2727510936297,47.320229773249096,12.146938887817411,44.86962501325511,0.4603642712372727,4.851553022965895,574.7959392131347,0.7806777960598357,55.378449911626824,fault
982,0.4968214893955894,1552.3108989087234,47.662629668212425,12.261507567753807,46.18585098439645,0.4674610762419838,5.053623212888341,584.4156943758337,0.7750401259893803,52.904380244819166,fault
983,0.5162132749794206,1563.5167818059967,47.00987710756773,12.777877586811906,47.076097696428654,0.453804430472669,5.077062440346815,600.6864550515718,0.7722988440168178,55.85407104085843,fault
984,0.5096522754730635,1552.633610157223,47.163566562597595,12.185613660225215,47.335830395793906,0.4562545074269553,5.018472789270481,574.7170009701305,0.7803887069916902,55.39980050980831,fault
985,0.5217185099172722,1577.5085368695848,47.2783972129662,12.526253146216835,49.02137915522374,0.48733920380584633,4.939524050345485,592.2211718370071,0.7778728071157921,53.65763146217732,fault
986,0.4650301483630559,,47.21094416152603,12.20076860271567,47.02285651414157,0.4527789595617409,5.13722469549256,576.0098052305094,0.776034633366967,52.224152971662406,fault
987,0.5215466049465664,1568.6112982599293,47.04601518538378,12.889619267585722,46.89003596412238,0.4946445109820446,4.9502175150466545,606.4052237966532,0.7635071462486525,51.63398767142492,fault
988,0.5070492240012403,1605.8667175844953,46.79503631837267,11.681002311811296,46.7847018105367,0.4657116228189026,5.078188226641917,546.6129274162047,0.7749001243533378,52.90829019557303,fault
989,0.50620894589664,1582.7241409325936,47.05489718100067,12.114091846842532,48.460100423099355,0.45493495531789413,5.04040868643775,570.0273462943738,0.7702913665848575,53.04374630068007,fault
990,0.5514237173257689,1580.2990879508625,46.87759138626268,12.844055050932333,,0.4725485401469369,5.1037862166926224,602.0983644202691,,49.94265253426495,fault
991,0.5743463634111892,1551.9614847460264,46.69561018811437,13.226925101016851,48.62597548709537,0.49196458852103203,5.2079822476206346,617.6393385044682,0.7940921263163823,53.290256784719936,fault
992,0.5885040764170663,1547.9826062691825,46.916598963394485,12.85608368308976,48.512613504160356,0.4811079064126932,5.12594151121986,603.1637223993619,0.7510808635858048,54.571081539428214,fault
993,0.5788628848766019,1562.291910370199,46.86104168267441,12.613016089410173,49.60137978099643,0.4868597886196698,5.029234817863983,,0.7764134605769366,53.102763420201455,fault
994,0.5409101586074239,1565.197050876738,47.29870641602612,12.753988660914125,47.231963021777396,0.49735542731313875,5.135506818306493,603.2471653059033,0.7599741546037377,51.821641931973005,fault
995,0.5596021960906911,1530.9184280483094,47.28766209489136,12.90644643564421,48.68504599987162,0.5068669800323549,5.0092902951882285,610.3156778945583,,51.102907732402876,fault
996,0.5768755449680482,1552.167521115734,46.897183619862204,12.581410047579151,50.50880943750233,0.48069042266335327,5.084620624974743,590.0326971980987,0.7922382614120574,52.377383779933794,fault
997,0.5623852941197981,1553.5717066612367,47.069271471116764,12.737208731820797,48.602482558889974,0.4651405783806962,4.957612508485298,599.5311355823519,0.7575281045617829,52.364755516016615,fault
998,0.5675777580394307,1546.8899283720007,46.665196977915215,13.067191540456085,47.91951506380255,0.48825421530917773,4.9816978123405775,609.7830671835305,0.7595283405122246,53.25006301101238,fault
999,0.5932950176663032,1532.8780494160549,46.985181834017695,13.471222246554635,49.33954856620241,0.4984946081478961,5.086139714558438,632.9478267808339,0.7651809624540931,52.950959122613526,fault
1000,0.5717511705996674,1535.5804578807313,47.22533036021378,12.94146129477656,48.2557976652231,0.4584355124659823,5.096061413320583,611.1647849897431,0.7578360183490825,54.30261990030242,fault
1001,0.5566148112667783,1538.9595360426176,,12.607431059415278,47.25239778101028,0.46891885382357584,4.919494163943022,596.8800564735619,0.775780465147899,51.15456120547549,fault
1002,0.5710364376732876,1538.41091557961,46.94706087259951,12.660836934943555,49.196448836397515,0.4737929218819269,5.105229930340129,594.3890822828513,0.760748421703993,52.53377591706702,fault
1003,0.6074754815891658,1539.6635335623512,47.358718108843036,13.094737347605307,50.19413060939505,0.4872272494649859,5.025066342170541,620.1499747545787,0.7706867560167807,51.2201648442936,fault
1004,0.5935427228698296,1544.2503050833452,46.72756060612977,12.77681754793916,48.80868837791881,0.4753403043942483,5.182909159105777,597.0295163247895,0.7514263019797089,52.09896202184758,fault
1005,0.6086580690258575,1518.6233826536532,46.78206734561889,12.975620336936418,49.03604169067799,0.5062029345861416,5.062624094512557,607.0263444537416,0.7457690067148213,53.199229838897075,fault
1006,0.6235539601653776,1511.1001937750361,,12.629615859065341,48.84504424113855,0.4614430372711344,5.010984979709398,596.8637235806104,0.7606775731363125,53.748492790358966,fault
1007,0.5972039950649307,1522.602470032492,47.52008383335742,13.296993822355818,49.028388985423554,0.4601352400733159,5.0881605389970375,631.8742611699842,0.7484747385469448,54.31273741816089,fault
1008,0.6361290594139891,1517.9713158180532,47.1941044576048,12.678760577711671,49.407434201311744,0.4884577528598373,5.035711307975554,598.3627510974864,0.7772711485839776,52.483972658585444,fault
1009,0.6297908675905614,1498.592197597399,47.06531440320564,12.889808007650034,48.94275558903564,0.4914073275863327,5.2057553737573175,606.6628664770066,0.746982229889,51.767178090276474,fault
1010,0.5863536564675285,1516.1368200984389,46.560936817928535,12.815832540903974,50.49178728607298,0.46264443924706256,5.073542519916407,596.7171692061825,0.7539501542198499,51.2890881773438,fault
1011,0.6716250293794911,1507.7718333691953,46.53548687804017,13.991399587574083,50.89447147113786,0.4867159596091678,5.120722323161883,651.0965919129703,0.7640745470521604,48.72370496701732,fault
1012,0.6182736583947244,1512.2654221526057,47.11571510888434,12.827757951541592,50.027208910005584,0.48685386035989336,5.142520963491704,604.3889891305594,0.7566171729924879,53.56532460779736,fault
1013,0.5885624465587932,1517.4180437585574,47.01719901255784,12.565575232873625,49.749550949250924,0.48492379074589526,4.993649627213263,590.798151431287,0.7486573891326836,51.142421372415576,fault
1014,0.6117594183908552,1471.3069212826438,46.81128129276847,12.746327720220757,50.08554604405958,0.4979750470236264,4.986817398862664,596.6719323610661,0.7829559575869316,52.149715011940266,fault
1015,0.6173478548794553,1479.4270693594983,47.09923547014465,13.55450931141859,49.24716124877881,0.4824448245133948,5.126196111843511,638.4070257407724,0.7521354518766417,52.75593043672188,fault
1016,0.6543829038366199,1471.7417013512834,47.08159011346987,12.213035191305956,50.47066247419196,0.528487842043542,5.031145251774705,575.0091169184501,0.7582123551318691,49.10487688417416,fault
1017,0.6494076743417139,1465.7779223668772,47.29247440814543,12.817798000347068,49.9561821410676,0.508589100403393,5.027301824126232,606.1853839001914,0.758206665226975,49.87217359962468,fault
1018,0.6522877030923627,,47.08779997458454,14.143238567844257,50.58235822937877,0.4832050494208845,5.183925527706528,665.97398867548,0.767132576256624,53.56375163777034,fault
1019,0.6857142003166781,1432.533464033363,47.33358978395703,13.595906271241825,51.114957271931296,0.504203579403945,5.182055110721808,643.5430501840893,0.7628565802289083,51.32191610558843,fault
1020,0.6820079316402147,1451.7127480412018,47.031037700023326,12.98101624372769,50.4771038018667,0.504789064339526,5.036815619110549,610.5106643433722,,50.17286550465632,fault
1021,0.6859367564193102,1433.6842641863204,46.99664536993253,13.378263673445266,49.798852161813976,0.5272094033646346,5.090007665074056,628.733513526358,0.7547134471355439,50.84914527173399,fault
1022,0.6933460414289316,1441.1079719557702,47.28521272300997,13.462250817923364,51.120988199466645,0.4917919780220592,5.072092912197607,636.5653936560212,0.7552069264705331,52.52552874462562,fault
1023,0.7040804408042384,1422.257419924288,46.76551992275909,13.80044299465386,51.042142435973574,0.5202970624297597,5.293677448736489,645.3848918093862,0.764303921565627,52.064067168270384,fault
1024,0.6268495186017545,1419.0756336525114,47.775109729669495,13.68599036889534,48.311443911977335,0.49990081413973647,5.169657482214366,653.8496916331748,0.7488675492916348,49.416661356334764,fault
1025,0.6835903872362604,1429.7925241701876,47.11950252680855,13.519854010697646,51.25954704424606,0.5337262343687602,5.102894057029664,637.0487952191505,0.7777697263225087,52.88298447119553,fault
1026,0.6334935746862477,1427.8268775776373,47.16055590633782,12.895605183430758,50.73228897659872,0.5259968980135095,5.1472558397297705,608.1639091992461,0.7523765232543126,52.07160187082818,fault
1027,0.704296207038046,1423.903341431186,47.13956346656163,13.786077480865899,53.26548813287367,0.5100747755656546,5.041893601011298,649.8696743642141,0.7562156272902065,49.73189319052439,fault
1028,0.707325447034564,1443.1204983710684,47.4747331857257,13.285635964744081,50.992711553556944,0.5014237861781404,5.098363660445382,630.7320226289066,0.7444266606074695,48.89487229630808,fault
1029,0.7430132696376602,1407.0505514666584,47.174608647549974,13.383734263203946,51.5254211293996,0.5199484925252358,5.185212278295274,631.3724261094518,0.7411354695042963,51.92626740500623,fault
1030,0.7513894224391837,1404.9712955448092,46.568099863461136,13.180942240959938,,0.5071693759381627,5.218531372569877,613.8114345715356,0.7448288636363055,51.22217451749414,fault
1031,0.7258843848927037,1379.1135059166368,47.3402184702627,13.097336225326119,51.831664813558525,,5.1563690449718065,620.0307582854242,0.7450180631742186,47.82680152359299,fault
1032,0.7087561721021008,1372.9596588373395,46.917412285263566,13.229857124549593,51.526638286154395,0.5095209378671545,5.171683495573813,620.7106611876247,0.7513120314952983,49.99261964463425,fault
1033,0.7422103584302795,1409.02711190333,47.002244835093634,13.333362671002302,51.326262311355165,0.5028069284845492,5.181193650599864,626.6979767375482,0.7438671378792556,55.11463004686743,fault
1034,0.7156267360162861,1369.3454277553299,46.676492457592694,13.696971182330245,,0.4998926995451454,5.142898394609247,639.3265720839022,0.7618163892469902,50.43256763511857,fault
1035,0.7351490647884592,1361.8582124148693,47.11182157797126,13.285932773879166,50.28194412725959,0.48667798578936106,,625.9244943399161,0.7459298053887111,49.6963597529779,fault
1036,0.7684170231592715,1370.2528478730983,46.79039612004827,12.806298999969238,53.21314159328195,0.525023226649804,5.158169375271329,599.2118030403387,0.7430329872352905,48.08125854733743,fault
1037,0.7256551165251305,1368.9990781466709,47.01207461319236,13.285892687302185,,0.49436277742935375,5.180558619789154,624.597378318317,0.7500544446067994,53.10395021426615,fault
1038,0.7700249513108248,1349.4709978222895,46.880094570346756,13.753580982955613,52.489938387752204,0.5365674632336918,5.225594139242024,644.7691771618819,0.7615689260421056,50.93186780366425,fault
1039,0.7695518140507445,1354.7986729448585,47.43233401775049,13.705236757877884,51.37613254473256,0.48899985605403634,5.207932818066732,650.0713676920157,0.7536878516007062,52.45687885802295,fault
1040,0.7238679355819959,1377.9219253616714,47.48277598094945,14.176125488114243,,0.5140405857609704,5.065463994410231,673.1217908299562,0.7527012842356202,50.5300305845558,fault
1041,0.7849151162065476,,46.949584439788616,13.797086080887583,52.5870343649005,0.5396759163263561,5.122236945413262,647.7674579776638,0.7361902685500359,51.39968802692986,fault
1042,0.7797445786207494,1327.4146212587168,46.957669990967304,14.29037700577916,52.71694521717114,0.4735047667820079,5.230108730327718,671.0428074838852,0.739227054276831,48.70738353778866,fault
1043,0.764835423706459,1360.5172923993484,46.859825131290656,13.887205996820844,52.84973940227021,0.5560141964821186,5.305162030122753,650.7520445732357,0.7384903929672417,49.49464590785876,fault
1044,0.7417968964067868,1352.619747043855,47.24770125341499,13.742063131461148,53.21086024881673,0.5055920094032763,5.183160822541227,649.2808934408448,0.7653698267158003,49.94718995911832,fault
1045,0.7416764613877228,1333.103625124031,46.88864904679272,13.465015116770807,,0.5172018961138936,5.137616196762237,631.3563682200252,0.7574878632078019,51.63588565609746,fault
1046,0.7540041539848757,1315.0163462575465,46.85526552745843,13.812041487932717,53.06574302008963,0.5270870983136874,5.19679267967104,647.1668713933594,0.7428245380038413,49.808066719217244,fault
1047,0.7889869263062467,1322.2660096157554,47.17684483000052,13.775979448035562,54.090924858881465,0.5332712266363187,5.112054058716718,649.9072448012499,0.7439227837852135,48.00531597568988,fault
1048,0.746507460940136,1333.663771917734,46.83118839836952,13.849645852777536,52.63351778312476,0.5211198769748498,5.277645987941646,648.5953741821219,0.7433124674758577,49.54493627419979,fault
1049,0.7906592275427198,1346.2571493044113,46.920585986126,13.973611613521097,52.95145780382756,0.5394139411369278,5.218430692258393,655.6500452489455,0.7403740644907499,46.66328020012767,fault
1050,0.7425278854561417,1315.0664537905877,46.57278510885117,13.438142198338305,52.93008921133803,,5.115921032837518,625.8517088653947,0.7561171498175032,45.77866548802719,fault
1051,0.7757928280352306,1324.8547465506854,47.11713142226796,14.316765691860555,,0.5540783801527221,5.179085821069508,674.5649306452108,,50.05815699348592,fault
1052,0.7872249615696242,1333.6825793490682,47.41673784977663,14.18884068471465,53.46288029388878,0.530513788816857,5.157935441923139,672.7885391393597,0.7698407546355527,48.44598566841948,fault
1053,0.8591951229299561,1280.6077441449104,47.05383431491437,14.315696570454804,53.08412873394269,0.5654094711911908,5.355077440243021,673.6084145287682,0.7578090631161868,48.421244565904,fault
1054,0.7463112938461441,1339.5770864961976,47.32886781268981,13.847389161899523,,0.5353995411965147,5.154612343240456,655.381251194416,0.7639193554763299,50.73058938632374,fault
1055,0.8334634823204754,1298.2601286104627,46.6817537218007,14.291292886292911,53.58145856451581,0.4885270468792803,5.2438937306747135,667.142614884048,0.7530554081438828,51.316364552277165,fault
1056,0.7953522913181578,1323.1121797965252,46.98243226497546,13.789557837297993,53.74737750985684,0.5741071176071543,5.250351142473162,647.8669670548144,0.7438957029859009,49.258973665032606,fault
1057,0.8046268705876389,1320.3661513059835,46.679724535782,14.17478686364988,53.281886268431975,0.5114320581363491,5.1513502917857465,661.6751461485977,0.75351136931925,51.961207833818094,fault
1058,0.7971566685361376,1332.9982560430544,46.86413227794173,13.88918889953633,54.0823349570915,0.5525241143707456,5.220545624598887,650.9047858211904,0.744293539377698,49.22507024061052,fault
1059,0.8081415561753759,,47.104921609385315,13.84297653962275,54.4310976144024,0.5243198038651761,5.234359522864291,652.0723247394897,0.7634102781947617,49.01617142925213,fault
1060,0.7912609754899228,,46.95041134369289,13.505702374919231,54.04273451758022,0.5439472036249402,5.075928353808503,634.0982819879479,0.7518692362987054,48.853733206113844,fault
1061,0.8404423977262772,1301.0416483600782,46.53203378279919,14.244497942727566,54.94143647804671,0.5131822439594185,5.254563762815024,662.8254594900127,0.747865870688874,46.51222472584699,fault
1062,0.7839531149667018,1319.6382459106032,46.601211174094246,14.230765593298386,52.138942096632796,0.5352394803426975,5.190810969242874,663.1709125823327,0.749212353611573,50.5095654083718,fault
1063,0.8323171203725982,1311.195563720485,46.54556924910279,14.080630163732303,54.23353800080016,0.5218218089304268,5.2383904302489475,655.3909463570075,0.7628009867370471,44.85714007744291,fault
1064,0.7795979411691769,1326.1170163106217,47.055481708644635,14.890944946985114,52.42080142637927,0.5545400576587763,5.1936064671737325,700.7005875772923,,47.89884381155789,fault
1065,0.797575946830558,1330.160033840165,47.43379277636632,14.42780596001201,51.919515979530736,0.5334635091531668,5.223740672550675,684.3655581248327,0.7652680509101386,49.102425652928666,fault
1066,0.7675545649022432,1330.8415165763915,47.28203379481637,14.39545427863028,52.476747547833405,0.5412991980015303,5.288645962076155,680.6463556939309,0.746399599401781,47.62434066818575,fault
1067,0.8135692779297622,1315.9999183175732,46.43019414942931,14.494613107125488,54.603119144044854,0.48327189471317644,5.119174598831731,672.9877006846992,0.7317738078132454,47.92846622364622,fault
1068,0.8433525272792002,1290.5019022923302,47.23521582007524,15.04473133276025,54.45636195149736,0.5275165484197578,5.206677668160327,710.6411314579786,0.7366989335339548,51.026042393214134,fault
1069,0.7976332527212292,1316.5707669965968,47.150205345279346,13.847713292503979,54.88740918221346,0.534073402676996,5.255042241784023,652.922525304117,0.7298738176975034,49.71205487677933,fault
1070,0.7938775919966475,1331.6778812217926,46.532367769044676,13.205622979926806,53.355684191670406,0.5303261251715952,5.237224247035235,614.4889051213019,0.7529811365632801,47.48758225160908,fault
1071,0.7660510203090436,1313.2083645616187,46.86473659442084,13.780028714393637,54.67960427152301,0.5431427555070871,5.215690410360261,645.7974159636135,0.737327863934794,47.283073947227166,fault
1072,0.7921914413757426,1339.0241672992915,47.19308825044058,14.289642747694426,53.34224691183256,0.5189846699402544,5.417188826750666,674.3723712592113,0.7479653447934267,46.63719869080603,fault
1073,0.7507426725637979,1348.7493425754044,47.0895580261714,13.899855616028358,52.48047661329654,0.524254505363678,5.216685741914988,654.5380575863718,0.7595681726200908,49.797376706322666,fault
1074,0.7704723675266052,1337.8682524969065,46.60847511519198,14.062869302067579,51.80245509893653,0.5487735840732473,5.271507098817232,655.4488939136139,0.740394244031086,48.34333518383546,fault
1075,0.8038708400327942,1289.9206656872586,47.0612986250546,14.630414266735889,54.323930150188986,0.4825390564414729,5.179511629820176,688.5262948151168,0.7426383485076493,45.51249186629405,fault
1076,0.8357230454812724,1316.901534893647,46.34833915854813,14.494180192089626,53.61545983644463,0.5427399329039625,5.146607337087744,671.7811793680803,0.7305680048127645,48.31511005028061,fault
1077,0.8793917772645021,,46.791656764023905,14.903342998919433,54.29389928373781,0.5280606348189204,5.231129433566311,697.3521102419568,0.7374095589797066,48.7071145459669,fault
1078,0.7763587599482166,1338.5725152351577,47.21386089998777,13.677929453251842,53.990267818151345,0.5085412373873536,5.240774918148288,645.7878586056783,0.7720599129342219,49.71141130696147,fault
1079,0.8357349618906709,1315.4537270362455,46.886052285798144,13.980896875864868,54.968973420711876,0.5385604904442794,5.257594062844082,655.5090619241521,0.7510050939719254,47.593710957616416,fault
1080,,1370.0524135275082,46.78602009167452,14.707592371898173,54.28772703065432,0.5536987656760528,5.230971291504468,688.1097122117868,0.7423107139782263,47.19881312797134,fault
1081,0.7852174440033277,1356.2650378366682,47.14337028130131,14.098997182138786,52.860007623598236,0.5491549010073309,5.171870798307267,664.6742447525926,0.7393845493562817,51.17269263985806,fault
1082,0.801093804063231,1374.9698498031726,47.15160356940346,13.942060633526035,53.40309460324592,0.5272317824892444,5.169893980445145,657.3905159326057,0.7441561735049947,48.18644271502975,fault
1083,0.7882169957694423,1367.3054248397907,47.245309971305105,13.866692967763404,53.17254951161488,0.5467106276440302,5.176062233258284,655.1362075388987,0.7464017511446404,49.1400480020346,fault
1084,0.7877984351529838,1373.9061249948252,47.13630348951465,13.855727626768198,53.84725376678286,0.5468155914133491,5.247782245040655,653.1077824833984,0.7408063703285246,47.01895381037461,fault
1085,0.7702483325285725,1377.8319957661902,47.20168464880838,13.730735488764525,54.156529393370576,0.5265947097495534,5.244463720101199,648.1138465368649,0.7510500602353695,48.902921125733066,fault
1086,0.7384527461341059,1389.4535146940625,47.13958754462057,13.340246939387933,52.644214631203155,0.5122287871330328,5.074115672054956,628.853738466134,0.7376796684432327,46.22404397676182,fault
1087,0.7318722467167972,,47.027589952895674,,53.819501549388406,0.513151187521903,5.210662447848268,621.9854739286097,0.7378341873113149,47.325229875729725,fault
1088,0.7954519588285817,1397.4083022075722,46.9323042566896,14.065594499357912,54.11011931711072,0.5479912220155926,5.141789531768716,660.1307605950851,0.7478159287725259,45.810823236408645,fault
1089,0.7651173157568667,1365.9026996293,46.874462777253186,13.745565161029978,52.66684097567151,0.5282563572431763,5.209793100883513,644.3159824930079,0.733819184566421,47.277446040860866,fault
1090,0.7529909767950195,1401.6943120549474,46.639969690753595,14.269087974311633,53.30771579812262,0.5074974519308079,5.148100060723151,665.5098306365912,0.7532769873252381,50.00522888728154,fault
1091,0.7684773474464772,1415.3658005894356,46.691427776113926,14.078328319494094,54.29659385148234,0.49625465919229134,5.299227252172504,657.3372499380779,0.7449445858865259,46.97512292638586,fault
1092,0.7893135477065446,1419.1697511041536,46.84266605844854,14.194880922973818,54.91386470343924,0.5485473508901443,5.154769926754155,664.9260668143044,0.725641385556775,48.338282166888895,fault
1093,0.7680164892827239,1401.043628355572,46.99015335139352,13.715396284294988,53.889739824386304,0.519563298653964,5.1872632921047686,644.4885746741544,0.7459552176672032,50.0467146408749,fault
1094,0.7399622905767286,1431.8206840238902,47.3120198057803,13.766054331715528,52.46413101849517,0.5351541962408258,5.201530247000958,651.2998351895728,0.7292863658474589,48.00321536596307,fault
1095,0.7933713227644141,1428.6917338677515,46.898223109381725,14.256469899171085,53.23993971527201,0.557905211769041,5.120138797574968,668.6031060835103,0.7502758963269766,49.09129026819995,fault
1096,0.800798835616555,1457.5057643776217,47.15318246460983,14.426604141447806,54.01618543627404,0.5078186950436975,5.189092588804356,680.2602974263842,0.7403586530417623,48.53589597283194,fault
1097,0.7650048220690151,1415.295329154106,47.20036050265799,13.92956045451715,54.258557469355694,0.5305228258116447,5.1482049416425975,657.480275096778,0.7630212349231688,47.6303867829374,fault
1098,0.7760290294435537,1422.835845453175,46.86343350904965,14.407512203344728,53.47316918722175,0.5291855370124247,5.135809987559361,675.1854901722671,0.7545472065795551,48.7983285735777,fault
1099,0.7806371685281506,1430.2818044608068,47.06586423586824,14.061515015742064,53.581066174037616,0.5408548385010664,5.144629312129612,661.8173566815386,0.7328716418657364,50.27784782414245,fault
1100,0.7737509858231549,1432.8708198962156,46.86140160457999,14.296149195410942,53.142947954875964,0.5577841962654537,5.263614380862931,669.9375888451452,0.7234903731713456,46.528846931531504,fault
1101,0.7546532188999737,1433.1979312804137,47.26767878789088,13.733868871919912,52.5040973002697,0.5051760485748797,5.113067106042149,649.1681023529236,0.7369765433344605,46.62927833544293,fault
1102,0.7504777527866608,1410.2273449332754,47.09902900764992,13.247109462482658,52.56988443858955,0.5431189164781158,5.2030073578146,623.9259928409845,0.7323986389261916,46.18873779000843,fault
1103,0.7443314310882214,1450.4051622315546,46.64694727759161,13.939814148932975,52.705639325098836,0.5521536371929368,5.17822629083167,650.249775664702,0.7630508176546436,49.065056338931186,fault
1104,0.691955296846867,1471.3962350991096,47.02643327251676,13.78674616231513,53.03734840111953,0.5238974395995561,5.00430337609543,,0.7471839926515942,49.364811684465984,fault
1105,0.7419528919074618,1459.1639129074013,47.357665059707315,14.035490919245477,52.379394375963386,0.5291677585506144,5.19226004563119,664.6880779021908,0.7539963432796529,46.991237513217186,fault
1106,0.6762369701245031,1505.5149520506598,46.952484983862554,13.588840196453626,51.43870875099351,0.5353203219704761,4.991310677185601,638.0298152720968,0.7449725379479187,44.79656677669738,fault
1107,0.6889805318485166,1480.2811799326507,,13.396781839745803,,0.5351590710114318,5.1632259620834535,630.9764966459949,0.7452638898508729,47.10955122448611,fault
1108,0.7477620858806922,1499.302936761464,47.0762083309721,13.59036645655259,53.27405659419362,0.54490421584849,5.113216760859511,639.7829226029248,0.7436701125534368,48.136710878595274,fault
1109,0.7296304511496795,1489.8052153503634,46.69467119035249,13.958293772873242,53.476065942401135,0.5433241533756282,5.141435716916,651.7779381026608,0.7558432534474565,47.13769160623743,fault
1110,0.7447492458770589,1501.4955951648744,47.06899185248663,14.006409285277037,53.962799464854385,0.5139605102384187,5.047473485651756,659.267564531298,0.7470130638283644,47.56799603071268,fault
1111,0.6876179402920364,1502.2058165116243,46.638144107464136,13.319301216837612,51.80586959088478,0.5491266917829664,5.120480942257948,621.1874895615949,0.7360549388625582,46.849016300506975,fault
1112,0.6567817291905356,1525.2782315149009,46.85444882357516,13.720148140776613,51.555949881494236,0.5504820381094896,5.162927430693376,642.8499789138878,0.7642701249797194,49.19010876469626,fault
1113,0.679660010869939,1507.926011519995,47.261065952527055,13.161367477079601,51.39377555093371,0.5329902051987805,5.039895348846714,622.0202563597036,0.7438478102714774,48.34315875022366,fault
1114,0.6854037051760801,1518.1416356661507,47.076312313607204,13.30185043296669,52.05075753350554,0.50013684666341,5.059566190868515,626.2020653312311,0.7418084750537223,48.74460753715508,fault
1115,0.6801306056773382,1520.584228915876,92.28125963247655,14.04844488540613,51.792939204341586,0.5275951006394396,,659.0800559276017,0.7182071739913909,47.931999327596586,fault
1116,0.7071409384192253,1512.4605036586959,47.080514681389936,13.943012778280186,52.082904865067015,0.5362308688425411,5.1610578642364215,656.4442178106278,0.7513706020348556,48.29468621213665,fault
1117,0.6576162869787724,1530.5605156200347,46.993079071113726,13.217808976904186,,0.5057806843576946,4.892953187120883,621.1455423985352,,48.65625558187826,fault
1118,0.6742965277837721,1560.2828427670556,46.99748555181799,13.545027969706734,51.82331235768187,0.5230962570312282,5.2602625973169,636.5822563052627,0.7474178747139447,46.24059468623528,fault
1119,0.6293179404386154,1529.7959494159018,47.19411141360771,13.23000152537934,50.42517829444732,0.4988052534889225,5.109495744413749,624.3781659909524,0.7445141965505307,48.77687852631671,fault
1120,0.6676906760028882,1540.42592779971,46.81694964413299,12.446346842974998,51.1655523323879,0.5425002145099015,5.149492262278325,582.6999934009741,0.7407465238285529,48.803683249130025,fault
1121,0.6494449554471974,1557.6721059617175,47.023055242952516,12.981822532602695,52.40535669055477,0.5325057285886958,5.069149917817358,610.4449581047822,0.7435900797358163,49.02795677792837,fault
1122,0.6219969968677751,1561.171668978805,46.95644544559724,13.117855389989046,52.72218152383468,0.4943670322329536,4.912657690517758,615.9678609832544,0.7531647863908199,48.1002764294299,fault
1123,0.6325284085508706,1546.317610283666,46.62926950707388,13.075277201815554,49.78815624379568,0.5354464156204631,5.1221021129373385,609.6906245231563,0.7542726805721812,46.5506214533249,fault
1124,0.6291651586537218,1513.4218306720945,46.797829997400854,13.267648659454512,49.69187462454305,0.5273097893741833,5.020221419508058,620.8971664303956,0.7456142451994145,46.84630774031347,fault
1125,0.6216512384119451,1560.1268661508655,47.42558967024407,13.532649092380423,49.806819045015025,0.5384590502826726,5.1033576417891675,641.7938630066348,0.7576645277848724,47.25769320689182,fault
1126,0.6779429943388817,1517.0200668582372,47.08426846820439,13.363794336316843,51.51150246548521,0.5250953663515683,5.081409638439552,629.2244802850116,0.7444457189816385,47.760924643790055,fault
1127,0.6168807408646025,1579.5181629300903,46.70562335280868,12.741030203992484,51.21997732737847,0.5123033566588114,5.074879685615098,595.0777578344321,0.7431212050307461,47.45397725610422,fault
1128,0.6075362058115521,1562.8598302735434,46.65849044806088,,50.81649392480202,0.5124603992652093,4.986962038893128,614.4965789033145,0.7504897474601642,46.04233099704723,fault
1129,0.5469392458743916,1582.0873944794123,47.06359862076659,12.579744331016386,49.39871148528853,0.5125580405933619,5.075361381521384,592.0480379468191,0.7378164712694654,46.4287116527561,fault
1130,0.5780400756160561,1552.8220236780264,47.45663855111654,12.827296293462881,50.25239023235007,0.5264779231602216,4.9325769124268355,608.7403637869448,0.7520573728045686,44.57885536472157,fault
1131,0.5919745737377896,1543.520660734755,47.00808777144546,12.864655748312817,49.53473411924191,0.5304672603117725,5.216713326953013,604.7428665661192,0.7334865394988811,43.20161678550588,fault
1132,0.5742917597425888,1573.520914021434,47.39525643051523,13.646573938584481,49.58315445879853,0.522570978252436,5.203392082585411,646.7828712171977,0.7393901274005226,47.702609598989476,fault
1133,0.6313223391310379,1565.7449405618604,47.11044775717965,12.421118736097498,50.79726775006172,0.5227733411046811,5.1945599528529005,585.1644653026465,0.7265038497102269,50.985584013445475,fault
1134,0.5799330795953418,1564.0020780441534,47.18097207238653,12.76236384667162,48.62930392959198,0.5203924358865837,5.129676211859768,602.1407322274492,0.7473839529739181,50.840653131810285,fault
1135,0.6185540906141276,1570.3820796624577,46.69791550760541,13.129966662439273,49.67114731881917,0.5809565877632722,5.04757512070948,613.142073820265,0.7631753047192403,45.85187950366328,fault
1136,0.5767840138022252,1614.6022267922742,47.29922541264003,12.608488530781267,48.95942153453052,0.5123378928031546,5.11809006071683,596.3717411301096,0.7478716006723855,48.27735787040745,fault
1137,0.5710974876567868,1586.509667509212,46.98524387962206,13.163959329987955,50.373943775451416,0.5164299434954973,5.012758024750371,618.5118395409103,0.7556374431312585,45.369349588937524,fault
1138,0.5623832980311659,1590.6861105489108,47.2913043398652,13.08262638107665,49.81042602567079,0.5930612405886719,4.889737197152116,618.6944657522452,0.7730353335377874,45.12486851342062,fault
1139,0.5602494622771584,1587.8362343989502,46.873278785390674,12.769720105065188,50.07292226686952,0.5357256275351369,5.132447417283605,598.5586504961288,0.7535343405800203,45.64756895283716,fault
1140,0.6068127220541365,1593.5149252828546,47.08341599576461,12.9723290083632,48.95882827452364,0.5037227188749475,5.13475793169605,610.7815631346891,0.7393883944105455,47.666590297111526,fault
1141,0.48080181539254135,1578.2319001991236,47.22754610852233,12.273065533318292,46.98384288118526,0.5383871136645766,4.953403600043912,579.6267683677058,0.7469402699086025,48.01713837564705,fault
1142,0.4855160346437365,1549.3722778812323,47.096848651314524,12.305111454565251,48.7944648123229,0.5040016392660414,4.860862330202906,579.5319718132164,0.7528617228020866,48.37258697052854,fault
1143,0.5244735735506523,1573.5457315568872,47.20491023342601,12.549352499474908,46.75053273067899,0.5437921602436571,4.938917682555135,592.3910582253334,0.7444532130683569,49.25402306305317,fault
1144,0.5364478440812874,1586.700740115446,47.027178235753354,12.584080039507302,50.17704908321274,0.5226415360675297,4.848170467919112,591.793774950896,0.7444774717427555,46.86593618855917,fault
1145,0.5519984399192425,1557.653893629165,46.91865507544232,12.832791602708696,,0.519600822257129,5.080020388663333,602.0973228625219,0.7590082467880422,48.06572710530889,fault
1146,0.5408141608668886,1569.184242962877,47.490821268464536,12.942203933512435,49.96729577995299,0.559977206224218,4.867986596425327,614.6358938264577,0.7598513802022426,45.43639745835352,fault
1147,0.5104662644352383,1562.4309808979708,47.37554994232324,12.067152323108727,48.043830314407366,,4.997620644541255,571.6879775450594,,45.7921488820767,fault
1148,0.5479858009491448,1590.7045585256167,46.89266289608123,12.35637927165551,50.27751292717016,0.5484112466531058,4.933108771324095,579.4235278018675,0.7407993317043162,44.76973824673262,fault
1149,0.5437928138320904,1577.94037269522,47.227927534257084,12.088223445900999,51.937785201628756,0.5376063224500938,4.883199261221788,570.9017409209198,0.7444255281164925,47.55123518629021,fault
1150,,1576.8728637410536,46.92361550820571,12.825551552373003,47.0236246404448,0.5179223704886659,4.995170277015332,,0.7564242183312997,47.67303050401837,fault
1151,0.5328777260810252,1572.7479421971598,46.79754333878673,12.724829467401396,49.74776717640418,0.5408456300946486,4.962323801885467,595.4907584793873,0.7607918737511472,44.343392051784704,fault
1152,0.507821497698849,1562.5395568503454,47.37179482857932,12.664973617603591,47.30226345993115,0.551090261197537,5.0382099099341495,,0.7775085043743937,47.677942090620945,fault
1153,0.47850451027770263,1565.9109374398222,46.71035413757616,11.813154721608475,48.57084327856914,0.5275472651454446,4.8488908574642355,,0.7471728371863409,45.67792255229883,fault
1154,0.5120557710042798,1539.827719073096,47.3408349996224,13.140769554938649,48.67627338660166,0.5638613671450873,4.912866378490445,622.095003268412,,49.690389937536786,fault
1155,0.4902799699294289,1523.7352267311028,47.0629440697664,12.173536130166067,48.56189283963497,0.5433881049611448,4.766863501353898,572.9224500252861,0.7568762888158691,46.50049839576488,fault
1156,0.4829127274077751,1556.4035709346363,47.07871477697837,12.4025535679114,47.604447878782786,0.5303205424157439,4.777636462338992,583.8962819298963,0.7444116793424813,48.75357295299892,fault
1157,0.523045295778732,1552.6842837169156,47.20151616377908,12.884762619421084,49.68895630168944,0.534613137435282,5.123998776240391,608.1803310470608,0.7476924952450323,48.675874235825674,fault
1158,0.40139039199097903,1572.4350223077918,47.34128497072354,11.511606693463953,45.72438915910602,0.5228876670161955,5.061339198975871,544.9742529461656,0.7509093737079451,46.8640199295466,fault
1159,0.4285240710574844,1572.2963950792293,46.96727551608607,11.829889199447624,48.37313174656805,0.49758075297520105,4.920729399869582,555.6176653552275,0.7273614273698689,47.78912482830984,fault
1160,,1568.4935748040393,47.35036606685538,12.103886124424958,47.117228682086996,0.5213469578405615,4.849267318352442,573.1234388230532,0.754528342671447,48.66270629198767,fault
1161,0.4526769806405607,1524.633031419359,47.18204758877618,13.168637843909055,46.70910233396124,0.5295453110104452,4.905675203435039,621.323297430676,0.7502965030096398,48.03348378510552,fault
1162,0.45232339319398773,1530.567462305424,46.83955711183164,12.273045445350625,49.1091800440876,0.5170635018075028,4.998855931117769,574.8640130736057,0.7647249982240207,47.752455833546975,fault
1163,0.41121622649074663,1542.4495467916104,47.14357090833782,12.484486230389168,47.04776774607903,0.5291420811956055,4.858710245298043,588.5632618565189,0.7539978458784327,45.708964666047535,fault
1164,0.4234453354209196,1568.2402825999616,47.521158981799864,12.418871124602084,48.856214888992724,0.524084929267965,4.927098841155477,590.1591490866994,0.740658907319874,48.003195166011324,fault
1165,0.4238307766680462,1548.3252679236955,47.59426256029538,12.129252726576187,48.3224692421077,0.5394553625075458,4.907003845283844,577.2828389288456,0.7504810170573196,46.45086378083558,fault
1166,0.5201286605087415,1531.007773743201,47.27699565388508,12.233269039311987,48.44856996753003,0.5452395129390781,4.929594223061417,578.3522072043597,0.7272111789101693,47.59099249344815,fault
1167,0.49730409819079613,1505.9335176524175,46.8179153031167,12.81470499179688,48.61659285245641,0.5337862760089621,4.916693012023349,599.957772940373,0.7370289528518917,48.458826964318405,fault
1168,0.4278432217375377,1499.6843238513168,47.293304587756886,11.503938392249578,47.53945955234765,0.49783399223990216,4.933297876577472,544.0592623434495,0.7588411304545363,48.66362372496,fault
1169,0.42633194255154633,1520.4365045395207,47.38416009727803,,48.64480901882774,0.5611637124296237,4.830289649158657,596.1290621577975,0.7499631260792248,47.316056957961244,fault
1170,0.39990877838890226,1489.688160097671,47.373593384294544,11.933174294681864,47.306503958174325,0.5206894944765033,4.9257492214628975,565.3173468201745,0.7628576668283296,48.45226408333106,fault
1171,0.3743899469991491,1500.0832828438643,47.40840301157016,10.78373224944804,46.646525202911896,0.5201599887877807,4.833687763725469,511.2395244506987,0.7351144992405114,48.69472689948221,fault
1172,0.42548163825233015,1493.217295641268,47.26168984202903,11.899934547795791,47.273578162482984,0.5193065461128875,4.9170340374037025,562.4110157383707,0.7496791189598507,49.69488272175901,fault
1173,0.39651354570186204,1516.470207873197,47.17552844737141,12.0754359056126,46.879950821139126,0.5143631924864647,4.996950382197216,569.6650700796374,,47.52899896940976,fault
1174,0.42147311426384393,1480.5405447699275,47.02115498907497,11.914604266632992,48.42168263605081,0.5573012619776817,4.889916099936176,560.2384538548439,0.7616124364515554,46.9907954158705,fault
1175,0.3736919623845973,1448.3446731600698,46.736570890750514,11.962378787304626,46.52925279788934,0.5506104051999906,4.943175393111433,559.0805642148728,0.7610455316475073,48.73502495234731,fault
1176,0.39662984460865514,1485.8912552734046,47.2771978920965,11.553496630637365,46.631512863815495,0.5339043273666845,4.741951323639422,546.216946552313,0.7594684271019765,46.67512293463274,fault
1177,0.42185164516925094,1461.0316263027366,47.21820620670425,11.546493104760026,46.95823764202346,0.5251761101763017,4.865006560068513,545.2046923848477,0.7670738117003602,45.350420451827965,fault
1178,0.42639699773157375,1466.9944808325702,47.30703366026907,12.00710420207841,47.056987881136926,0.5403640110951144,4.907698826296686,568.0204826500815,0.7476264683449928,47.9128476511408,fault
1179,0.4260681083459409,1460.2816989350347,46.833099873569665,12.042435782918194,46.38074348199989,0.5297231898043138,5.058786357034389,563.9845977424569,0.7645494880066026,47.122775759916514,fault
1180,0.37217904880669817,1456.9957078311954,47.371434202674564,11.587369961794899,45.940457244036196,0.5204235769642623,4.710067783016825,548.9103337272147,0.7433259668682156,45.797811950854644,fault
1181,0.4358016817828688,1463.089036521682,47.672501183441575,12.521843226383949,48.893041388358355,0.536371874323882,4.903369392466728,596.9475860286586,0.7396530149770029,47.3173633478586,fault
1182,0.38464079365494214,1427.5785364690694,47.21898913880472,11.489004457528397,46.61647005665106,0.5169856398295497,4.991455056459118,542.4991766957124,0.7604221983424949,49.52212025930582,fault
1183,0.4262385059712628,1434.7630376669388,47.15026509227707,12.14702231782676,48.10237790521335,0.5344738069587704,4.840903103243106,572.7353223673375,0.7356423353740628,44.315938233232124,fault
1184,0.4056596929600171,1449.737090442647,47.25897804733064,11.938982009635678,45.19376500541502,0.5321585450751722,4.871938850379743,564.224088700848,0.7573212354393581,49.155954518005,fault
1185,0.36353456991279637,1428.992132759642,47.7230947987461,11.118842240732903,,0.5370547470690579,4.885683876542401,530.6255623067988,0.7545878629911983,43.24218244405303,fault
1186,0.39430958264928634,1407.0185106814313,46.934061577775864,11.387933378650937,46.860066637786524,0.515367198438244,4.895114339608536,534.4819664372122,0.7626294034501646,46.59809537830451,fault
1187,0.4138483663673736,1435.0847261588906,47.22472721039637,11.972246543465909,46.96403517346463,0.5438076772676713,5.018958830606943,565.3860771107884,0.750214393074618,49.67139380810806,fault
1188,0.4204915447633309,1436.907176832999,46.96827956457822,12.702607800230513,47.62187265241081,0.5123020845477444,4.9338917109108325,596.6196343604187,0.7509120590137797,46.44363637255669,fault
1189,0.39721175511296053,1416.858098065453,47.0496495574832,12.073504539487885,46.66974855328725,0.5174065081272375,4.987606173648066,568.0541575135876,0.7564831047090473,47.28664088766486,fault
1190,0.4468576601081405,1379.839648675294,47.13386942254934,11.565914389029205,46.26927539390907,0.5225429223012993,4.887002195575976,545.146298564887,0.7421565597758968,48.34589223702092,fault
1191,0.4307169462093077,1416.9121015913354,47.4955933668638,10.985622514180509,48.423981116147964,0.5106810408497715,4.844928720188777,521.7686598153814,0.7424029236429893,44.046175007216426,fault
1192,0.39250401551861747,1380.3549767607371,47.63916353700667,12.102835552915113,47.201104343426174,,4.8590302348209615,576.5689621668216,0.7559948233973156,46.75478626621087,fault
1193,0.42254417552758367,1403.4571171708299,47.2765022808055,11.994084078927957,47.30459949428038,0.512671024968786,4.805054343456614,567.0383433136105,0.7493305386535821,46.978717514870034,fault
1194,0.458016176037297,1378.7582362119076,47.0415234493067,12.64128493287518,47.42964145316519,0.521203417710163,4.960960315636843,594.6653015992152,0.7436515732928155,49.54091664471097,fault
1195,0.45890375183093834,1370.7984702510837,47.757729771908814,11.94016706859484,47.05102038579262,0.5606528146564581,4.89169682263238,570.235272293397,0.7467273884256549,44.6626240904888,fault
1196,0.3634609974425621,1385.5198322563115,47.103593624249015,11.799587231299519,46.69639126891164,0.5167894959835195,4.801680420239952,555.8029618770101,0.7681478579668891,46.37203065426442,fault
1197,0.3728415859706618,1385.091597323647,47.059776780990504,12.03070814281283,47.98522074851292,0.525480653325016,4.901549005634714,566.1624397180167,0.7471779451411572,45.06643684759806,fault
1198,0.44564632336893817,1368.9282961789768,46.70016419433865,12.016014624305914,,0.5151192159262468,4.820788775463099,561.1498559166606,0.7431225919522776,44.90387154400747,fault
1199,0.36993581550397087,1390.1907406986672,47.55307423990801,11.570484943442953,45.55263539419722,0.5462538893927713,4.920595247961243,550.2121295072806,0.7344287669781766,48.65528235719553,fault
